{"level":"info","message":"⌛ Building environment","timeElapsed":357,"timestamp":"2026-08-22T12:44:11.119Z"}
{"level":"info","message":"⌛ Building environment","timeElapsed":121,"timestamp":"2026-08-22T12:44:11.246Z"}
{"level":"info","message":"⌛ Validating practica.wlk","timeElapsed":281,"timestamp":"2026-08-22T12:44:11.550Z"}
{"level":"info","message":"⌛ Validating practica.wlk","timeElapsed":119,"timestamp":"2026-08-22T12:44:11.758Z"}
{"level":"info","message":"⌛ Building environment","timeElapsed":182,"timestamp":"2026-08-22T12:50:52.815Z"}
{"level":"info","message":"⌛ Autocomplete - Package","timeElapsed":123,"timestamp":"2026-08-22T12:50:52.944Z"}
{"level":"info","message":"⌛ Validating practica.wlk","timeElapsed":362,"timestamp":"2026-08-22T12:50:53.308Z"}
{"level":"info","message":"⌛ Building environment","timeElapsed":225,"timestamp":"2026-08-22T12:50:53.536Z"}
{"level":"info","message":"⌛ Building environment","timeElapsed":151,"timestamp":"2026-08-22T12:50:53.699Z"}
{"level":"info","message":"⌛ Building environment","timeElapsed":139,"timestamp":"2026-08-22T12:50:53.925Z"}
{"level":"info","message":"⌛ Building environment","timeElapsed":106,"timestamp":"2026-08-22T12:50:54.033Z"}
{"level":"info","message":"⌛ Validating practica.wlk","timeElapsed":169,"timestamp":"2026-08-22T12:50:54.203Z"}
{"level":"info","message":"⌛ Building environment","timeElapsed":106,"timestamp":"2026-08-22T12:50:54.310Z"}
{"level":"info","message":"⌛ Validating practica.wlk","timeElapsed":167,"timestamp":"2026-08-22T12:50:54.479Z"}
{"level":"info","message":"⌛ Building environment","timeElapsed":128,"timestamp":"2026-08-22T12:50:54.608Z"}
{"level":"info","message":"⌛ Validating practica.wlk","timeElapsed":147,"timestamp":"2026-08-22T12:50:54.756Z"}
{"level":"info","message":"⌛ Validating practica.wlk","timeElapsed":102,"timestamp":"2026-08-22T12:50:54.859Z"}
{"level":"info","message":"⌛ Validating practica.wlk","timeElapsed":123,"timestamp":"2026-08-22T12:50:55.741Z"}
{"level":"info","message":"⌛ Building environment","timeElapsed":104,"timestamp":"2026-08-22T12:50:56.291Z"}
{"level":"info","message":"⌛ Validating practica.wlk","timeElapsed":142,"timestamp":"2026-08-22T12:50:56.443Z"}
{"level":"info","message":"⌛ Building environment","timeElapsed":105,"timestamp":"2026-08-22T12:50:56.594Z"}
{"level":"info","message":"⌛ Validating practica.wlk","timeElapsed":179,"timestamp":"2026-08-22T12:50:56.781Z"}
{"level":"info","message":"⌛ Building environment","timeElapsed":107,"timestamp":"2026-08-22T12:50:56.889Z"}
{"level":"info","message":"⌛ Validating practica.wlk","timeElapsed":144,"timestamp":"2026-08-22T12:50:57.140Z"}
{"level":"info","message":"⌛ Building environment","timeElapsed":103,"timestamp":"2026-08-22T12:50:57.244Z"}
{"level":"info","message":"⌛ Validating practica.wlk","timeElapsed":110,"timestamp":"2026-08-22T12:50:57.354Z"}
{"level":"info","message":"⌛ Validating practica.wlk","timeElapsed":103,"timestamp":"2026-08-22T12:50:57.533Z"}
{"level":"info","message":"⌛ Validating practica.wlk","timeElapsed":124,"timestamp":"2026-08-22T12:50:57.944Z"}
{"level":"info","message":"⌛ Validating practica.wlk","timeElapsed":124,"timestamp":"2026-08-22T12:50:58.147Z"}
{"level":"info","message":"⌛ Validating practica.wlk","timeElapsed":104,"timestamp":"2026-08-22T12:50:58.617Z"}
{"level":"info","message":"⌛ Building environment","timeElapsed":125,"timestamp":"2026-08-22T12:51:00.810Z"}
{"level":"info","message":"⌛ Validating practica.wlk","timeElapsed":176,"timestamp":"2026-08-22T12:51:01.118Z"}
{"level":"info","message":"⌛ Building environment","timeElapsed":128,"timestamp":"2026-08-22T12:51:01.248Z"}
{"level":"info","message":"⌛ Validating practica.wlk","timeElapsed":163,"timestamp":"2026-08-22T12:51:01.412Z"}
{"level":"info","message":"⌛ Building environment","timeElapsed":102,"timestamp":"2026-08-22T12:51:01.651Z"}
{"level":"info","message":"⌛ Validating practica.wlk","timeElapsed":121,"timestamp":"2026-08-22T12:51:01.866Z"}
{"level":"info","message":"⌛ Building environment","timeElapsed":160,"timestamp":"2026-08-22T12:51:02.027Z"}
{"level":"info","message":"⌛ Validating practica.wlk","timeElapsed":121,"timestamp":"2026-08-22T12:51:02.149Z"}
{"level":"info","message":"⌛ Validating practica.wlk","timeElapsed":102,"timestamp":"2026-08-22T12:51:02.355Z"}
{"level":"info","message":"⌛ Building environment","timeElapsed":122,"timestamp":"2026-08-22T12:51:04.415Z"}
{"level":"info","message":"⌛ Building environment","timeElapsed":127,"timestamp":"2026-08-22T12:51:04.574Z"}
{"level":"info","message":"⌛ Validating practica.wlk","timeElapsed":170,"timestamp":"2026-08-22T12:51:04.744Z"}
{"level":"info","message":"⌛ Building environment","timeElapsed":124,"timestamp":"2026-08-22T12:51:04.869Z"}
{"level":"info","message":"⌛ Validating practica.wlk","timeElapsed":127,"timestamp":"2026-08-22T12:51:05.008Z"}
{"level":"info","message":"⌛ Validating practica.wlk","timeElapsed":137,"timestamp":"2026-08-22T12:51:05.216Z"}
{"level":"info","message":"⌛ Validating practica.wlk","timeElapsed":119,"timestamp":"2026-08-22T12:51:05.342Z"}
{"level":"info","message":"⌛ Building environment","timeElapsed":119,"timestamp":"2026-08-22T12:51:05.463Z"}
{"level":"info","message":"⌛ Validating practica.wlk","timeElapsed":124,"timestamp":"2026-08-22T12:51:05.675Z"}
{"level":"info","message":"⌛ Validating practica.wlk","timeElapsed":129,"timestamp":"2026-08-22T12:51:05.805Z"}
{"level":"info","message":"⌛ Validating practica.wlk","timeElapsed":109,"timestamp":"2026-08-22T12:51:06.039Z"}
{"level":"info","message":"⌛ Building environment","timeElapsed":122,"timestamp":"2026-08-22T12:51:06.163Z"}
{"level":"info","message":"⌛ Building environment","timeElapsed":201,"timestamp":"2026-08-22T12:51:06.545Z"}
{"level":"info","message":"⌛ Validating practica.wlk","timeElapsed":120,"timestamp":"2026-08-22T12:51:08.335Z"}
{"level":"info","message":"⌛ Building environment","timeElapsed":115,"timestamp":"2026-08-22T12:51:09.926Z"}
{"level":"info","message":"⌛ Validating practica.wlk","timeElapsed":127,"timestamp":"2026-08-22T12:51:10.058Z"}
{"level":"info","message":"⌛ Validating practica.wlk","timeElapsed":122,"timestamp":"2026-08-22T12:51:10.275Z"}
{"level":"info","message":"⌛ Building environment","timeElapsed":131,"timestamp":"2026-08-22T12:51:11.329Z"}
{"level":"info","message":"⌛ Validating practica.wlk","timeElapsed":106,"timestamp":"2026-08-22T12:51:11.440Z"}
{"level":"info","message":"⌛ Building environment","timeElapsed":115,"timestamp":"2026-08-22T12:51:11.717Z"}
{"level":"info","message":"⌛ Validating practica.wlk","timeElapsed":124,"timestamp":"2026-08-22T12:51:11.846Z"}
{"level":"info","message":"⌛ Building environment","timeElapsed":108,"timestamp":"2026-08-22T12:51:12.270Z"}
{"level":"info","message":"⌛ Validating practica.wlk","timeElapsed":140,"timestamp":"2026-08-22T12:51:12.415Z"}
{"level":"info","message":"⌛ Validating practica.wlk","timeElapsed":122,"timestamp":"2026-08-22T12:51:12.631Z"}
{"level":"info","message":"⌛ Validating practica.wlk","timeElapsed":122,"timestamp":"2026-08-22T12:51:12.846Z"}
{"level":"info","message":"⌛ Building environment","timeElapsed":102,"timestamp":"2026-08-22T12:51:13.106Z"}
{"level":"info","message":"⌛ Validating practica.wlk","timeElapsed":116,"timestamp":"2026-08-22T12:51:13.225Z"}
{"level":"info","message":"⌛ Validating practica.wlk","timeElapsed":143,"timestamp":"2026-08-22T12:51:14.229Z"}
{"level":"info","message":"⌛ Validating practica.wlk","timeElapsed":107,"timestamp":"2026-08-22T12:51:14.435Z"}
{"level":"info","message":"⌛ Validating practica.wlk","timeElapsed":122,"timestamp":"2026-08-22T12:51:15.041Z"}
{"level":"info","message":"⌛ Building environment","timeElapsed":110,"timestamp":"2026-08-22T12:51:32.303Z"}
{"level":"info","message":"⌛ Building environment","timeElapsed":141,"timestamp":"2026-08-22T12:51:37.849Z"}
{"level":"info","message":"⌛ Validating practica.wlk","timeElapsed":266,"timestamp":"2026-08-22T12:51:38.255Z"}
{"level":"info","message":"⌛ Validating practica.wlk","timeElapsed":165,"timestamp":"2026-08-22T12:51:38.423Z"}
{"level":"info","message":"⌛ Building environment","timeElapsed":124,"timestamp":"2026-08-22T12:51:38.555Z"}
{"level":"info","message":"⌛ Validating practica.wlk","timeElapsed":132,"timestamp":"2026-08-22T12:51:38.891Z"}
{"level":"info","message":"⌛ Validating practica.wlk","timeElapsed":147,"timestamp":"2026-08-22T12:51:39.040Z"}
{"level":"info","message":"⌛ Validating practica.wlk","timeElapsed":118,"timestamp":"2026-08-22T12:51:39.158Z"}
{"level":"info","message":"⌛ Building environment","timeElapsed":156,"timestamp":"2026-08-22T12:51:43.966Z"}
{"level":"info","message":"⌛ Validating practica.wlk","timeElapsed":134,"timestamp":"2026-08-22T12:51:44.109Z"}
{"level":"info","message":"⌛ Building environment","timeElapsed":115,"timestamp":"2026-08-22T12:51:44.372Z"}
{"level":"info","message":"⌛ Validating practica.wlk","timeElapsed":144,"timestamp":"2026-08-22T12:51:44.525Z"}
{"level":"info","message":"⌛ Building environment","timeElapsed":112,"timestamp":"2026-08-22T12:51:44.741Z"}
{"level":"info","message":"⌛ Validating practica.wlk","timeElapsed":129,"timestamp":"2026-08-22T12:51:44.884Z"}
{"level":"info","message":"⌛ Validating practica.wlk","timeElapsed":150,"timestamp":"2026-08-22T12:51:45.034Z"}
{"level":"info","message":"⌛ Building environment","timeElapsed":136,"timestamp":"2026-08-22T12:51:45.257Z"}
{"level":"info","message":"⌛ Validating practica.wlk","timeElapsed":134,"timestamp":"2026-08-22T12:51:45.392Z"}
{"level":"info","message":"⌛ Validating practica.wlk","timeElapsed":148,"timestamp":"2026-08-22T12:51:45.630Z"}
{"level":"info","message":"⌛ Validating practica.wlk","timeElapsed":138,"timestamp":"2026-08-22T12:51:45.788Z"}
{"level":"info","message":"⌛ Building environment","timeElapsed":118,"timestamp":"2026-08-22T12:51:45.907Z"}
{"level":"info","message":"⌛ Validating practica.wlk","timeElapsed":129,"timestamp":"2026-08-22T12:51:46.046Z"}
{"level":"info","message":"⌛ Validating practica.wlk","timeElapsed":103,"timestamp":"2026-08-22T12:51:46.208Z"}
{"level":"info","message":"⌛ Validating practica.wlk","timeElapsed":132,"timestamp":"2026-08-22T12:51:46.739Z"}
{"level":"error","message":"✘ Failed to rebuild document Failed to parse practica.wlk: \n-- PARSING FAILED --------------------------------------------------\n\n  1 | object rolando {\n  2 |   var vida = 100}\n> 3 | }\n    | ^\n\nExpected one of the following: \n\n' ', '@', 'class', 'const', 'describe', 'mixin', 'object', 'only', 'package', 'program', 'test', 'var', '{', EOF, comment, not \"}\", whitespace\n","stack":"Error: Failed to parse practica.wlk: \n-- PARSING FAILED --------------------------------------------------\n\n  1 | object rolando {\n  2 |   var vida = 100}\n> 3 | }\n    | ^\n\nExpected one of the following: \n\n' ', '@', 'class', 'const', 'describe', 'mixin', 'object', 'only', 'package', 'program', 'test', 'var', '{', EOF, comment, not \"}\", whitespace\n\n    at c:\\Users\\lucia\\.vscode\\extensions\\uqbar.wollok-lsp-ide-0.5.5\\out\\server\\src\\server.js:2385:13026\n    at Array.map (<anonymous>)\n    at z1n (c:\\Users\\lucia\\.vscode\\extensions\\uqbar.wollok-lsp-ide-0.5.5\\out\\server\\src\\server.js:2385:12950)\n    at H2.buildEnvironmentFrom (c:\\Users\\lucia\\.vscode\\extensions\\uqbar.wollok-lsp-ide-0.5.5\\out\\server\\src\\server.js:2430:5254)\n    at H2.updateEnvironmentWith (c:\\Users\\lucia\\.vscode\\extensions\\uqbar.wollok-lsp-ide-0.5.5\\out\\server\\src\\server.js:2430:4989)\n    at QF (c:\\Users\\lucia\\.vscode\\extensions\\uqbar.wollok-lsp-ide-0.5.5\\out\\server\\src\\server.js:2430:7383)\n    at V3.invoke (c:\\Users\\lucia\\.vscode\\extensions\\uqbar.wollok-lsp-ide-0.5.5\\out\\server\\src\\server.js:3:157330)\n    at o.fire (c:\\Users\\lucia\\.vscode\\extensions\\uqbar.wollok-lsp-ide-0.5.5\\out\\server\\src\\server.js:3:158100)\n    at c:\\Users\\lucia\\.vscode\\extensions\\uqbar.wollok-lsp-ide-0.5.5\\out\\server\\src\\server.js:37:57871\n    at nd (c:\\Users\\lucia\\.vscode\\extensions\\uqbar.wollok-lsp-ide-0.5.5\\out\\server\\src\\server.js:8:1561)","timestamp":"2026-08-22T12:51:47.654Z"}
{"level":"error","message":"✘ Failed to rebuild document Failed to parse practica.wlk: \n-- PARSING FAILED --------------------------------------------------\n\n  2 |   var vida = 100}\n  3 |   \n> 4 | }\n    | ^\n\nExpected one of the following: \n\n' ', '@', 'class', 'const', 'describe', 'mixin', 'object', 'only', 'package', 'program', 'test', 'var', '{', EOF, comment, not \"}\", whitespace\n","stack":"Error: Failed to parse practica.wlk: \n-- PARSING FAILED --------------------------------------------------\n\n  2 |   var vida = 100}\n  3 |   \n> 4 | }\n    | ^\n\nExpected one of the following: \n\n' ', '@', 'class', 'const', 'describe', 'mixin', 'object', 'only', 'package', 'program', 'test', 'var', '{', EOF, comment, not \"}\", whitespace\n\n    at c:\\Users\\lucia\\.vscode\\extensions\\uqbar.wollok-lsp-ide-0.5.5\\out\\server\\src\\server.js:2385:13026\n    at Array.map (<anonymous>)\n    at z1n (c:\\Users\\lucia\\.vscode\\extensions\\uqbar.wollok-lsp-ide-0.5.5\\out\\server\\src\\server.js:2385:12950)\n    at H2.buildEnvironmentFrom (c:\\Users\\lucia\\.vscode\\extensions\\uqbar.wollok-lsp-ide-0.5.5\\out\\server\\src\\server.js:2430:5254)\n    at H2.updateEnvironmentWith (c:\\Users\\lucia\\.vscode\\extensions\\uqbar.wollok-lsp-ide-0.5.5\\out\\server\\src\\server.js:2430:4989)\n    at QF (c:\\Users\\lucia\\.vscode\\extensions\\uqbar.wollok-lsp-ide-0.5.5\\out\\server\\src\\server.js:2430:7383)\n    at V3.invoke (c:\\Users\\lucia\\.vscode\\extensions\\uqbar.wollok-lsp-ide-0.5.5\\out\\server\\src\\server.js:3:157330)\n    at o.fire (c:\\Users\\lucia\\.vscode\\extensions\\uqbar.wollok-lsp-ide-0.5.5\\out\\server\\src\\server.js:3:158100)\n    at c:\\Users\\lucia\\.vscode\\extensions\\uqbar.wollok-lsp-ide-0.5.5\\out\\server\\src\\server.js:37:57871\n    at nd (c:\\Users\\lucia\\.vscode\\extensions\\uqbar.wollok-lsp-ide-0.5.5\\out\\server\\src\\server.js:8:1561)","timestamp":"2026-08-22T12:51:47.662Z"}
{"level":"error","message":"✘ Failed to rebuild document Failed to parse practica.wlk: \n-- PARSING FAILED --------------------------------------------------\n\n  2 |   var vida = 100}\n  3 | \n> 4 | }\n    | ^\n\nExpected one of the following: \n\n' ', '@', 'class', 'const', 'describe', 'mixin', 'object', 'only', 'package', 'program', 'test', 'var', '{', EOF, comment, not \"}\", whitespace\n","stack":"Error: Failed to parse practica.wlk: \n-- PARSING FAILED --------------------------------------------------\n\n  2 |   var vida = 100}\n  3 | \n> 4 | }\n    | ^\n\nExpected one of the following: \n\n' ', '@', 'class', 'const', 'describe', 'mixin', 'object', 'only', 'package', 'program', 'test', 'var', '{', EOF, comment, not \"}\", whitespace\n\n    at c:\\Users\\lucia\\.vscode\\extensions\\uqbar.wollok-lsp-ide-0.5.5\\out\\server\\src\\server.js:2385:13026\n    at Array.map (<anonymous>)\n    at z1n (c:\\Users\\lucia\\.vscode\\extensions\\uqbar.wollok-lsp-ide-0.5.5\\out\\server\\src\\server.js:2385:12950)\n    at H2.buildEnvironmentFrom (c:\\Users\\lucia\\.vscode\\extensions\\uqbar.wollok-lsp-ide-0.5.5\\out\\server\\src\\server.js:2430:5254)\n    at H2.updateEnvironmentWith (c:\\Users\\lucia\\.vscode\\extensions\\uqbar.wollok-lsp-ide-0.5.5\\out\\server\\src\\server.js:2430:4989)\n    at QF (c:\\Users\\lucia\\.vscode\\extensions\\uqbar.wollok-lsp-ide-0.5.5\\out\\server\\src\\server.js:2430:7383)\n    at V3.invoke (c:\\Users\\lucia\\.vscode\\extensions\\uqbar.wollok-lsp-ide-0.5.5\\out\\server\\src\\server.js:3:157330)\n    at o.fire (c:\\Users\\lucia\\.vscode\\extensions\\uqbar.wollok-lsp-ide-0.5.5\\out\\server\\src\\server.js:3:158100)\n    at c:\\Users\\lucia\\.vscode\\extensions\\uqbar.wollok-lsp-ide-0.5.5\\out\\server\\src\\server.js:37:57871\n    at nd (c:\\Users\\lucia\\.vscode\\extensions\\uqbar.wollok-lsp-ide-0.5.5\\out\\server\\src\\server.js:8:1561)","timestamp":"2026-08-22T12:51:48.162Z"}
{"level":"error","message":"✘ Failed to rebuild document Failed to parse practica.wlk: \n-- PARSING FAILED --------------------------------------------------\n\n  1 | object rolando {\n  2 |   var vida = 100}\n> 3 | }\n    | ^\n\nExpected one of the following: \n\n' ', '@', 'class', 'const', 'describe', 'mixin', 'object', 'only', 'package', 'program', 'test', 'var', '{', EOF, comment, not \"}\", whitespace\n","stack":"Error: Failed to parse practica.wlk: \n-- PARSING FAILED --------------------------------------------------\n\n  1 | object rolando {\n  2 |   var vida = 100}\n> 3 | }\n    | ^\n\nExpected one of the following: \n\n' ', '@', 'class', 'const', 'describe', 'mixin', 'object', 'only', 'package', 'program', 'test', 'var', '{', EOF, comment, not \"}\", whitespace\n\n    at c:\\Users\\lucia\\.vscode\\extensions\\uqbar.wollok-lsp-ide-0.5.5\\out\\server\\src\\server.js:2385:13026\n    at Array.map (<anonymous>)\n    at z1n (c:\\Users\\lucia\\.vscode\\extensions\\uqbar.wollok-lsp-ide-0.5.5\\out\\server\\src\\server.js:2385:12950)\n    at H2.buildEnvironmentFrom (c:\\Users\\lucia\\.vscode\\extensions\\uqbar.wollok-lsp-ide-0.5.5\\out\\server\\src\\server.js:2430:5254)\n    at H2.updateEnvironmentWith (c:\\Users\\lucia\\.vscode\\extensions\\uqbar.wollok-lsp-ide-0.5.5\\out\\server\\src\\server.js:2430:4989)\n    at QF (c:\\Users\\lucia\\.vscode\\extensions\\uqbar.wollok-lsp-ide-0.5.5\\out\\server\\src\\server.js:2430:7383)\n    at V3.invoke (c:\\Users\\lucia\\.vscode\\extensions\\uqbar.wollok-lsp-ide-0.5.5\\out\\server\\src\\server.js:3:157330)\n    at o.fire (c:\\Users\\lucia\\.vscode\\extensions\\uqbar.wollok-lsp-ide-0.5.5\\out\\server\\src\\server.js:3:158100)\n    at c:\\Users\\lucia\\.vscode\\extensions\\uqbar.wollok-lsp-ide-0.5.5\\out\\server\\src\\server.js:37:57871\n    at nd (c:\\Users\\lucia\\.vscode\\extensions\\uqbar.wollok-lsp-ide-0.5.5\\out\\server\\src\\server.js:8:1561)","timestamp":"2026-08-22T12:51:48.387Z"}
{"level":"info","message":"⌛ Building environment","timeElapsed":102,"timestamp":"2026-08-22T12:51:48.850Z"}
{"level":"info","message":"⌛ Validating practica.wlk","timeElapsed":117,"timestamp":"2026-08-22T12:51:48.977Z"}
{"level":"info","message":"⌛ Building environment","timeElapsed":137,"timestamp":"2026-08-22T12:51:49.157Z"}
{"level":"info","message":"⌛ Validating practica.wlk","timeElapsed":150,"timestamp":"2026-08-22T12:51:49.314Z"}
{"level":"info","message":"⌛ Validating practica.wlk","timeElapsed":112,"timestamp":"2026-08-22T12:51:50.716Z"}
{"level":"info","message":"⌛ Validating practica.wlk","timeElapsed":141,"timestamp":"2026-08-22T12:51:51.162Z"}
{"level":"info","message":"⌛ Validating practica.wlk","timeElapsed":145,"timestamp":"2026-08-22T12:51:51.397Z"}
{"level":"info","message":"⌛ Validating practica.wlk","timeElapsed":107,"timestamp":"2026-08-22T12:51:51.788Z"}
{"level":"info","message":"⌛ Building environment","timeElapsed":251,"timestamp":"2026-08-22T12:51:52.040Z"}
{"level":"info","message":"⌛ Validating practica.wlk","timeElapsed":112,"timestamp":"2026-08-22T12:51:52.328Z"}
{"level":"info","message":"⌛ Validating practica.wlk","timeElapsed":102,"timestamp":"2026-08-22T12:51:52.586Z"}
{"level":"info","message":"⌛ Building environment","timeElapsed":103,"timestamp":"2026-08-22T12:51:53.409Z"}
{"level":"info","message":"⌛ Validating practica.wlk","timeElapsed":147,"timestamp":"2026-08-22T12:51:53.561Z"}
{"level":"info","message":"⌛ Validating practica.wlk","timeElapsed":181,"timestamp":"2026-08-22T12:51:53.888Z"}
{"level":"info","message":"⌛ Building environment","timeElapsed":120,"timestamp":"2026-08-22T12:51:54.015Z"}
{"level":"info","message":"⌛ Validating practica.wlk","timeElapsed":132,"timestamp":"2026-08-22T12:51:54.199Z"}
{"level":"info","message":"⌛ Building environment","timeElapsed":114,"timestamp":"2026-08-22T12:51:54.313Z"}
{"level":"error","message":"✘ Failed to rebuild document Failed to parse practica.wlk: \n-- PARSING FAILED --------------------------------------------------\n\n  3 | \n  4 |   method\n> 5 | }\n    | ^\n\nExpected one of the following: \n\n'!=', '!==', '%', '&&', '*', '**', '+', '-', '->', '..', '..<', '/', '<', '<<', '<<<', '<=', '<=>', '<>', '==', '===', '>', '>..', '>=', '>>', '>>>', '?:', '@', 'and', 'class', 'const', 'describe', 'invert', 'mixin', 'negate', 'object', 'only', 'or', 'package', 'plus', 'program', 'test', 'var', '{', '||', EOF, comment, identifier, not \"}\", whitespace\n","stack":"Error: Failed to parse practica.wlk: \n-- PARSING FAILED --------------------------------------------------\n\n  3 | \n  4 |   method\n> 5 | }\n    | ^\n\nExpected one of the following: \n\n'!=', '!==', '%', '&&', '*', '**', '+', '-', '->', '..', '..<', '/', '<', '<<', '<<<', '<=', '<=>', '<>', '==', '===', '>', '>..', '>=', '>>', '>>>', '?:', '@', 'and', 'class', 'const', 'describe', 'invert', 'mixin', 'negate', 'object', 'only', 'or', 'package', 'plus', 'program', 'test', 'var', '{', '||', EOF, comment, identifier, not \"}\", whitespace\n\n    at c:\\Users\\lucia\\.vscode\\extensions\\uqbar.wollok-lsp-ide-0.5.5\\out\\server\\src\\server.js:2385:13026\n    at Array.map (<anonymous>)\n    at z1n (c:\\Users\\lucia\\.vscode\\extensions\\uqbar.wollok-lsp-ide-0.5.5\\out\\server\\src\\server.js:2385:12950)\n    at H2.buildEnvironmentFrom (c:\\Users\\lucia\\.vscode\\extensions\\uqbar.wollok-lsp-ide-0.5.5\\out\\server\\src\\server.js:2430:5254)\n    at H2.updateEnvironmentWith (c:\\Users\\lucia\\.vscode\\extensions\\uqbar.wollok-lsp-ide-0.5.5\\out\\server\\src\\server.js:2430:4989)\n    at QF (c:\\Users\\lucia\\.vscode\\extensions\\uqbar.wollok-lsp-ide-0.5.5\\out\\server\\src\\server.js:2430:7383)\n    at V3.invoke (c:\\Users\\lucia\\.vscode\\extensions\\uqbar.wollok-lsp-ide-0.5.5\\out\\server\\src\\server.js:3:157330)\n    at o.fire (c:\\Users\\lucia\\.vscode\\extensions\\uqbar.wollok-lsp-ide-0.5.5\\out\\server\\src\\server.js:3:158100)\n    at c:\\Users\\lucia\\.vscode\\extensions\\uqbar.wollok-lsp-ide-0.5.5\\out\\server\\src\\server.js:37:57871\n    at nd (c:\\Users\\lucia\\.vscode\\extensions\\uqbar.wollok-lsp-ide-0.5.5\\out\\server\\src\\server.js:8:1561)","timestamp":"2026-08-22T12:51:54.361Z"}
{"level":"info","message":"⌛ Validating practica.wlk","timeElapsed":124,"timestamp":"2026-08-22T12:51:54.486Z"}
{"level":"info","message":"⌛ Validating practica.wlk","timeElapsed":157,"timestamp":"2026-08-22T12:51:55.462Z"}
{"level":"info","message":"⌛ Building environment","timeElapsed":125,"timestamp":"2026-08-22T12:51:57.232Z"}
{"level":"info","message":"⌛ Validating practica.wlk","timeElapsed":157,"timestamp":"2026-08-22T12:51:57.434Z"}
{"level":"info","message":"⌛ Validating practica.wlk","timeElapsed":132,"timestamp":"2026-08-22T12:51:57.803Z"}
{"level":"info","message":"⌛ Validating practica.wlk","timeElapsed":107,"timestamp":"2026-08-22T12:51:57.970Z"}
{"level":"info","message":"⌛ Validating practica.wlk","timeElapsed":102,"timestamp":"2026-08-22T12:51:58.433Z"}
{"level":"info","message":"⌛ Building environment","timeElapsed":116,"timestamp":"2026-08-22T12:51:59.543Z"}
{"level":"error","message":"✘ Completions for node Parameter ([4:17, 4:18] - practica.wlk) failed: Error: [Parameter]{8e96d9} at practica.wlk:4 exhausted all cases without a match [Parameter]{8e96d9} at practica.wlk:4 exhausted all cases without a match","stack":"Error: [Parameter]{8e96d9} at practica.wlk:4 exhausted all cases without a match\n    at c:\\Users\\lucia\\.vscode\\extensions\\uqbar.wollok-lsp-ide-0.5.5\\out\\server\\src\\server.js:38:6142\n    at L2 (c:\\Users\\lucia\\.vscode\\extensions\\uqbar.wollok-lsp-ide-0.5.5\\out\\server\\src\\server.js:2421:42)\n    at c:\\Users\\lucia\\.vscode\\extensions\\uqbar.wollok-lsp-ide-0.5.5\\out\\server\\src\\server.js:2421:2988\n    at c:\\Users\\lucia\\.vscode\\extensions\\uqbar.wollok-lsp-ide-0.5.5\\out\\server\\src\\server.js:2430:8440\n    at c:\\Users\\lucia\\.vscode\\extensions\\uqbar.wollok-lsp-ide-0.5.5\\out\\server\\src\\server.js:37:74872\n    at Ke (c:\\Users\\lucia\\.vscode\\extensions\\uqbar.wollok-lsp-ide-0.5.5\\out\\server\\src\\server.js:7:8527)\n    at It (c:\\Users\\lucia\\.vscode\\extensions\\uqbar.wollok-lsp-ide-0.5.5\\out\\server\\src\\server.js:7:6189)\n    at et (c:\\Users\\lucia\\.vscode\\extensions\\uqbar.wollok-lsp-ide-0.5.5\\out\\server\\src\\server.js:7:6378)\n    at Immediate._onImmediate (c:\\Users\\lucia\\.vscode\\extensions\\uqbar.wollok-lsp-ide-0.5.5\\out\\server\\src\\server.js:7:6142)\n    at process.processImmediate (node:internal/timers:504:21)","timestamp":"2026-08-22T12:51:59.580Z"}
{"level":"info","message":"⌛ Validating practica.wlk","timeElapsed":137,"timestamp":"2026-08-22T12:51:59.721Z"}
{"level":"error","message":"✘ Completions for node Parameter ([4:17, 4:19] - practica.wlk) failed: Error: [Parameter]{c299db} at practica.wlk:4 exhausted all cases without a match [Parameter]{c299db} at practica.wlk:4 exhausted all cases without a match","stack":"Error: [Parameter]{c299db} at practica.wlk:4 exhausted all cases without a match\n    at c:\\Users\\lucia\\.vscode\\extensions\\uqbar.wollok-lsp-ide-0.5.5\\out\\server\\src\\server.js:38:6142\n    at L2 (c:\\Users\\lucia\\.vscode\\extensions\\uqbar.wollok-lsp-ide-0.5.5\\out\\server\\src\\server.js:2421:42)\n    at c:\\Users\\lucia\\.vscode\\extensions\\uqbar.wollok-lsp-ide-0.5.5\\out\\server\\src\\server.js:2421:2988\n    at c:\\Users\\lucia\\.vscode\\extensions\\uqbar.wollok-lsp-ide-0.5.5\\out\\server\\src\\server.js:2430:8440\n    at c:\\Users\\lucia\\.vscode\\extensions\\uqbar.wollok-lsp-ide-0.5.5\\out\\server\\src\\server.js:37:74872\n    at Ke (c:\\Users\\lucia\\.vscode\\extensions\\uqbar.wollok-lsp-ide-0.5.5\\out\\server\\src\\server.js:7:8527)\n    at It (c:\\Users\\lucia\\.vscode\\extensions\\uqbar.wollok-lsp-ide-0.5.5\\out\\server\\src\\server.js:7:6189)\n    at et (c:\\Users\\lucia\\.vscode\\extensions\\uqbar.wollok-lsp-ide-0.5.5\\out\\server\\src\\server.js:7:6378)\n    at Immediate._onImmediate (c:\\Users\\lucia\\.vscode\\extensions\\uqbar.wollok-lsp-ide-0.5.5\\out\\server\\src\\server.js:7:6142)\n    at process.processImmediate (node:internal/timers:504:21)","timestamp":"2026-08-22T12:51:59.836Z"}
{"level":"info","message":"⌛ Validating practica.wlk","timeElapsed":128,"timestamp":"2026-08-22T12:51:59.967Z"}
{"level":"info","message":"⌛ Building environment","timeElapsed":166,"timestamp":"2026-08-22T12:52:00.728Z"}
{"level":"info","message":"⌛ Validating practica.wlk","timeElapsed":118,"timestamp":"2026-08-22T12:52:00.849Z"}
{"level":"info","message":"⌛ Building environment","timeElapsed":127,"timestamp":"2026-08-22T12:52:01.510Z"}
{"level":"info","message":"⌛ Validating practica.wlk","timeElapsed":122,"timestamp":"2026-08-22T12:52:01.636Z"}
{"level":"info","message":"⌛ Validating practica.wlk","timeElapsed":112,"timestamp":"2026-08-22T12:52:04.285Z"}
{"level":"info","message":"⌛ Building environment","timeElapsed":103,"timestamp":"2026-08-22T12:52:05.542Z"}
{"level":"info","message":"⌛ Validating practica.wlk","timeElapsed":144,"timestamp":"2026-08-22T12:52:05.728Z"}
{"level":"info","message":"⌛ Building environment","timeElapsed":120,"timestamp":"2026-08-22T12:52:05.863Z"}
{"level":"info","message":"⌛ Building environment","timeElapsed":158,"timestamp":"2026-08-22T12:52:06.028Z"}
{"level":"info","message":"⌛ Validating practica.wlk","timeElapsed":144,"timestamp":"2026-08-22T12:52:06.173Z"}
{"level":"info","message":"⌛ Validating practica.wlk","timeElapsed":118,"timestamp":"2026-08-22T12:52:06.390Z"}
{"level":"info","message":"⌛ Validating practica.wlk","timeElapsed":117,"timestamp":"2026-08-22T12:52:06.604Z"}
{"level":"info","message":"⌛ Validating practica.wlk","timeElapsed":124,"timestamp":"2026-08-22T12:52:06.733Z"}
{"level":"info","message":"⌛ Validating practica.wlk","timeElapsed":134,"timestamp":"2026-08-22T12:52:06.967Z"}
{"level":"error","message":"✘ Completions for node Assignment ([5:5, 5:13] - practica.wlk) failed: Error: [Assignment]{91467c} at practica.wlk:5 exhausted all cases without a match [Assignment]{91467c} at practica.wlk:5 exhausted all cases without a match","stack":"Error: [Assignment]{91467c} at practica.wlk:5 exhausted all cases without a match\n    at c:\\Users\\lucia\\.vscode\\extensions\\uqbar.wollok-lsp-ide-0.5.5\\out\\server\\src\\server.js:38:6142\n    at L2 (c:\\Users\\lucia\\.vscode\\extensions\\uqbar.wollok-lsp-ide-0.5.5\\out\\server\\src\\server.js:2421:42)\n    at Jh (c:\\Users\\lucia\\.vscode\\extensions\\uqbar.wollok-lsp-ide-0.5.5\\out\\server\\src\\server.js:2421:1092)\n    at w5n (c:\\Users\\lucia\\.vscode\\extensions\\uqbar.wollok-lsp-ide-0.5.5\\out\\server\\src\\server.js:2421:1248)\n    at c:\\Users\\lucia\\.vscode\\extensions\\uqbar.wollok-lsp-ide-0.5.5\\out\\server\\src\\server.js:38:6131\n    at L2 (c:\\Users\\lucia\\.vscode\\extensions\\uqbar.wollok-lsp-ide-0.5.5\\out\\server\\src\\server.js:2421:42)\n    at c:\\Users\\lucia\\.vscode\\extensions\\uqbar.wollok-lsp-ide-0.5.5\\out\\server\\src\\server.js:2421:2988\n    at c:\\Users\\lucia\\.vscode\\extensions\\uqbar.wollok-lsp-ide-0.5.5\\out\\server\\src\\server.js:2430:8440\n    at c:\\Users\\lucia\\.vscode\\extensions\\uqbar.wollok-lsp-ide-0.5.5\\out\\server\\src\\server.js:37:74872\n    at Ke (c:\\Users\\lucia\\.vscode\\extensions\\uqbar.wollok-lsp-ide-0.5.5\\out\\server\\src\\server.js:7:8527)","timestamp":"2026-08-22T12:52:07.357Z"}
{"level":"info","message":"⌛ Validating practica.wlk","timeElapsed":119,"timestamp":"2026-08-22T12:52:07.478Z"}
{"level":"info","message":"⌛ Validating practica.wlk","timeElapsed":102,"timestamp":"2026-08-22T12:52:07.722Z"}
{"level":"info","message":"⌛ Validating practica.wlk","timeElapsed":106,"timestamp":"2026-08-22T12:52:07.902Z"}
{"level":"error","message":"✘ Completions for node Assignment ([5:5, 5:16] - practica.wlk) failed: Error: [Assignment]{aa47a0} at practica.wlk:5 exhausted all cases without a match [Assignment]{aa47a0} at practica.wlk:5 exhausted all cases without a match","stack":"Error: [Assignment]{aa47a0} at practica.wlk:5 exhausted all cases without a match\n    at c:\\Users\\lucia\\.vscode\\extensions\\uqbar.wollok-lsp-ide-0.5.5\\out\\server\\src\\server.js:38:6142\n    at L2 (c:\\Users\\lucia\\.vscode\\extensions\\uqbar.wollok-lsp-ide-0.5.5\\out\\server\\src\\server.js:2421:42)\n    at Jh (c:\\Users\\lucia\\.vscode\\extensions\\uqbar.wollok-lsp-ide-0.5.5\\out\\server\\src\\server.js:2421:1092)\n    at w5n (c:\\Users\\lucia\\.vscode\\extensions\\uqbar.wollok-lsp-ide-0.5.5\\out\\server\\src\\server.js:2421:1248)\n    at c:\\Users\\lucia\\.vscode\\extensions\\uqbar.wollok-lsp-ide-0.5.5\\out\\server\\src\\server.js:38:6131\n    at L2 (c:\\Users\\lucia\\.vscode\\extensions\\uqbar.wollok-lsp-ide-0.5.5\\out\\server\\src\\server.js:2421:42)\n    at c:\\Users\\lucia\\.vscode\\extensions\\uqbar.wollok-lsp-ide-0.5.5\\out\\server\\src\\server.js:2421:2988\n    at c:\\Users\\lucia\\.vscode\\extensions\\uqbar.wollok-lsp-ide-0.5.5\\out\\server\\src\\server.js:2430:8440\n    at c:\\Users\\lucia\\.vscode\\extensions\\uqbar.wollok-lsp-ide-0.5.5\\out\\server\\src\\server.js:37:74872\n    at Ke (c:\\Users\\lucia\\.vscode\\extensions\\uqbar.wollok-lsp-ide-0.5.5\\out\\server\\src\\server.js:7:8527)","timestamp":"2026-08-22T12:52:07.942Z"}
{"level":"info","message":"⌛ Validating practica.wlk","timeElapsed":135,"timestamp":"2026-08-22T12:52:08.080Z"}
{"level":"info","message":"⌛ Validating practica.wlk","timeElapsed":108,"timestamp":"2026-08-22T12:52:08.268Z"}
{"level":"info","message":"⌛ Validating practica.wlk","timeElapsed":155,"timestamp":"2026-08-22T12:52:09.355Z"}
{"level":"info","message":"⌛ Validating practica.wlk","timeElapsed":103,"timestamp":"2026-08-22T12:52:09.536Z"}
{"level":"info","message":"⌛ Validating practica.wlk","timeElapsed":118,"timestamp":"2026-08-22T12:52:09.729Z"}
{"level":"info","message":"⌛ Validating practica.wlk","timeElapsed":101,"timestamp":"2026-08-22T12:52:09.899Z"}
{"level":"info","message":"⌛ Building environment","timeElapsed":105,"timestamp":"2026-08-22T12:52:10.213Z"}
{"level":"info","message":"⌛ Building environment","timeElapsed":120,"timestamp":"2026-08-22T12:52:10.342Z"}
{"level":"error","message":"✘ Completions for node Assignment ([5:5, 5:14] - practica.wlk) failed: Error: [Assignment]{54bbfe} at practica.wlk:5 exhausted all cases without a match [Assignment]{54bbfe} at practica.wlk:5 exhausted all cases without a match","stack":"Error: [Assignment]{54bbfe} at practica.wlk:5 exhausted all cases without a match\n    at c:\\Users\\lucia\\.vscode\\extensions\\uqbar.wollok-lsp-ide-0.5.5\\out\\server\\src\\server.js:38:6142\n    at L2 (c:\\Users\\lucia\\.vscode\\extensions\\uqbar.wollok-lsp-ide-0.5.5\\out\\server\\src\\server.js:2421:42)\n    at Jh (c:\\Users\\lucia\\.vscode\\extensions\\uqbar.wollok-lsp-ide-0.5.5\\out\\server\\src\\server.js:2421:1092)\n    at w5n (c:\\Users\\lucia\\.vscode\\extensions\\uqbar.wollok-lsp-ide-0.5.5\\out\\server\\src\\server.js:2421:1248)\n    at c:\\Users\\lucia\\.vscode\\extensions\\uqbar.wollok-lsp-ide-0.5.5\\out\\server\\src\\server.js:38:6131\n    at L2 (c:\\Users\\lucia\\.vscode\\extensions\\uqbar.wollok-lsp-ide-0.5.5\\out\\server\\src\\server.js:2421:42)\n    at c:\\Users\\lucia\\.vscode\\extensions\\uqbar.wollok-lsp-ide-0.5.5\\out\\server\\src\\server.js:2421:2988\n    at c:\\Users\\lucia\\.vscode\\extensions\\uqbar.wollok-lsp-ide-0.5.5\\out\\server\\src\\server.js:2430:8440\n    at c:\\Users\\lucia\\.vscode\\extensions\\uqbar.wollok-lsp-ide-0.5.5\\out\\server\\src\\server.js:37:74872\n    at Ke (c:\\Users\\lucia\\.vscode\\extensions\\uqbar.wollok-lsp-ide-0.5.5\\out\\server\\src\\server.js:7:8527)","timestamp":"2026-08-22T12:52:10.376Z"}
{"level":"info","message":"⌛ Building environment","timeElapsed":116,"timestamp":"2026-08-22T12:52:10.583Z"}
{"level":"info","message":"⌛ Validating practica.wlk","timeElapsed":106,"timestamp":"2026-08-22T12:52:10.762Z"}
{"level":"info","message":"⌛ Validating practica.wlk","timeElapsed":105,"timestamp":"2026-08-22T12:52:10.926Z"}
{"level":"info","message":"⌛ Validating practica.wlk","timeElapsed":101,"timestamp":"2026-08-22T12:52:11.028Z"}
{"level":"info","message":"⌛ Building environment","timeElapsed":158,"timestamp":"2026-08-22T12:52:11.342Z"}
{"level":"info","message":"⌛ Validating practica.wlk","timeElapsed":107,"timestamp":"2026-08-22T12:52:11.454Z"}
{"level":"error","message":"✘ Completions for node Assignment ([5:5, 5:14] - practica.wlk) failed: Error: [Assignment]{cefef5} at practica.wlk:5 exhausted all cases without a match [Assignment]{cefef5} at practica.wlk:5 exhausted all cases without a match","stack":"Error: [Assignment]{cefef5} at practica.wlk:5 exhausted all cases without a match\n    at c:\\Users\\lucia\\.vscode\\extensions\\uqbar.wollok-lsp-ide-0.5.5\\out\\server\\src\\server.js:38:6142\n    at L2 (c:\\Users\\lucia\\.vscode\\extensions\\uqbar.wollok-lsp-ide-0.5.5\\out\\server\\src\\server.js:2421:42)\n    at Jh (c:\\Users\\lucia\\.vscode\\extensions\\uqbar.wollok-lsp-ide-0.5.5\\out\\server\\src\\server.js:2421:1092)\n    at w5n (c:\\Users\\lucia\\.vscode\\extensions\\uqbar.wollok-lsp-ide-0.5.5\\out\\server\\src\\server.js:2421:1248)\n    at c:\\Users\\lucia\\.vscode\\extensions\\uqbar.wollok-lsp-ide-0.5.5\\out\\server\\src\\server.js:38:6131\n    at L2 (c:\\Users\\lucia\\.vscode\\extensions\\uqbar.wollok-lsp-ide-0.5.5\\out\\server\\src\\server.js:2421:42)\n    at c:\\Users\\lucia\\.vscode\\extensions\\uqbar.wollok-lsp-ide-0.5.5\\out\\server\\src\\server.js:2421:2988\n    at c:\\Users\\lucia\\.vscode\\extensions\\uqbar.wollok-lsp-ide-0.5.5\\out\\server\\src\\server.js:2430:8440\n    at c:\\Users\\lucia\\.vscode\\extensions\\uqbar.wollok-lsp-ide-0.5.5\\out\\server\\src\\server.js:37:74872\n    at Ke (c:\\Users\\lucia\\.vscode\\extensions\\uqbar.wollok-lsp-ide-0.5.5\\out\\server\\src\\server.js:7:8527)","timestamp":"2026-08-22T12:52:11.551Z"}
{"level":"info","message":"⌛ Validating practica.wlk","timeElapsed":109,"timestamp":"2026-08-22T12:52:11.663Z"}
{"level":"info","message":"⌛ Validating practica.wlk","timeElapsed":142,"timestamp":"2026-08-22T12:52:12.188Z"}
{"level":"info","message":"⌛ Validating practica.wlk","timeElapsed":113,"timestamp":"2026-08-22T12:52:12.317Z"}
{"level":"info","message":"⌛ Validating practica.wlk","timeElapsed":117,"timestamp":"2026-08-22T12:52:13.519Z"}
{"level":"info","message":"⌛ Building environment","timeElapsed":120,"timestamp":"2026-08-22T12:52:14.247Z"}
{"level":"error","message":"✘ Completions for node Send ([5:12, 5:22] - practica.wlk) failed: Error: [Send]{dbc798} at practica.wlk:5 exhausted all cases without a match [Send]{dbc798} at practica.wlk:5 exhausted all cases without a match","stack":"Error: [Send]{dbc798} at practica.wlk:5 exhausted all cases without a match\n    at c:\\Users\\lucia\\.vscode\\extensions\\uqbar.wollok-lsp-ide-0.5.5\\out\\server\\src\\server.js:38:6142\n    at L2 (c:\\Users\\lucia\\.vscode\\extensions\\uqbar.wollok-lsp-ide-0.5.5\\out\\server\\src\\server.js:2421:42)\n    at Jh (c:\\Users\\lucia\\.vscode\\extensions\\uqbar.wollok-lsp-ide-0.5.5\\out\\server\\src\\server.js:2421:1092)\n    at w5n (c:\\Users\\lucia\\.vscode\\extensions\\uqbar.wollok-lsp-ide-0.5.5\\out\\server\\src\\server.js:2421:1248)\n    at c:\\Users\\lucia\\.vscode\\extensions\\uqbar.wollok-lsp-ide-0.5.5\\out\\server\\src\\server.js:38:6131\n    at L2 (c:\\Users\\lucia\\.vscode\\extensions\\uqbar.wollok-lsp-ide-0.5.5\\out\\server\\src\\server.js:2421:42)\n    at c:\\Users\\lucia\\.vscode\\extensions\\uqbar.wollok-lsp-ide-0.5.5\\out\\server\\src\\server.js:2421:2988\n    at c:\\Users\\lucia\\.vscode\\extensions\\uqbar.wollok-lsp-ide-0.5.5\\out\\server\\src\\server.js:2430:8440\n    at c:\\Users\\lucia\\.vscode\\extensions\\uqbar.wollok-lsp-ide-0.5.5\\out\\server\\src\\server.js:37:74872\n    at Ke (c:\\Users\\lucia\\.vscode\\extensions\\uqbar.wollok-lsp-ide-0.5.5\\out\\server\\src\\server.js:7:8527)","timestamp":"2026-08-22T12:52:14.284Z"}
{"level":"error","message":"✘ Completions for node Assignment ([5:5, 5:22] - practica.wlk) failed: Error: [Assignment]{daf820} at practica.wlk:5 exhausted all cases without a match [Assignment]{daf820} at practica.wlk:5 exhausted all cases without a match","stack":"Error: [Assignment]{daf820} at practica.wlk:5 exhausted all cases without a match\n    at c:\\Users\\lucia\\.vscode\\extensions\\uqbar.wollok-lsp-ide-0.5.5\\out\\server\\src\\server.js:38:6142\n    at L2 (c:\\Users\\lucia\\.vscode\\extensions\\uqbar.wollok-lsp-ide-0.5.5\\out\\server\\src\\server.js:2421:42)\n    at Jh (c:\\Users\\lucia\\.vscode\\extensions\\uqbar.wollok-lsp-ide-0.5.5\\out\\server\\src\\server.js:2421:1092)\n    at L2 (c:\\Users\\lucia\\.vscode\\extensions\\uqbar.wollok-lsp-ide-0.5.5\\out\\server\\src\\server.js:2421:544)\n    at Jh (c:\\Users\\lucia\\.vscode\\extensions\\uqbar.wollok-lsp-ide-0.5.5\\out\\server\\src\\server.js:2421:1092)\n    at w5n (c:\\Users\\lucia\\.vscode\\extensions\\uqbar.wollok-lsp-ide-0.5.5\\out\\server\\src\\server.js:2421:1248)\n    at c:\\Users\\lucia\\.vscode\\extensions\\uqbar.wollok-lsp-ide-0.5.5\\out\\server\\src\\server.js:38:6131\n    at L2 (c:\\Users\\lucia\\.vscode\\extensions\\uqbar.wollok-lsp-ide-0.5.5\\out\\server\\src\\server.js:2421:42)\n    at c:\\Users\\lucia\\.vscode\\extensions\\uqbar.wollok-lsp-ide-0.5.5\\out\\server\\src\\server.js:2421:2988\n    at c:\\Users\\lucia\\.vscode\\extensions\\uqbar.wollok-lsp-ide-0.5.5\\out\\server\\src\\server.js:2430:8440","timestamp":"2026-08-22T12:52:14.284Z"}
{"level":"info","message":"⌛ Validating practica.wlk","timeElapsed":139,"timestamp":"2026-08-22T12:52:14.426Z"}
{"level":"info","message":"⌛ Building environment","timeElapsed":106,"timestamp":"2026-08-22T12:52:14.535Z"}
{"level":"info","message":"⌛ Validating practica.wlk","timeElapsed":124,"timestamp":"2026-08-22T12:52:14.664Z"}
{"level":"info","message":"⌛ Validating practica.wlk","timeElapsed":135,"timestamp":"2026-08-22T12:52:15.127Z"}
{"level":"info","message":"⌛ Validating practica.wlk","timeElapsed":115,"timestamp":"2026-08-22T12:52:16.068Z"}
{"level":"info","message":"⌛ Validating practica.wlk","timeElapsed":106,"timestamp":"2026-08-22T12:52:17.457Z"}
{"level":"info","message":"⌛ Building environment","timeElapsed":109,"timestamp":"2026-08-22T12:52:17.853Z"}
{"level":"info","message":"⌛ Validating practica.wlk","timeElapsed":107,"timestamp":"2026-08-22T12:52:17.969Z"}
{"level":"info","message":"⌛ Building environment","timeElapsed":165,"timestamp":"2026-08-22T12:52:18.280Z"}
{"level":"info","message":"⌛ Validating practica.wlk","timeElapsed":121,"timestamp":"2026-08-22T12:52:18.406Z"}
{"level":"info","message":"⌛ Building environment","timeElapsed":263,"timestamp":"2026-08-22T12:52:18.684Z"}
{"level":"info","message":"⌛ Validating practica.wlk","timeElapsed":118,"timestamp":"2026-08-22T12:52:18.810Z"}
{"level":"info","message":"⌛ Building environment","timeElapsed":125,"timestamp":"2026-08-22T12:52:28.003Z"}
{"level":"info","message":"⌛ Validating practica.wlk","timeElapsed":119,"timestamp":"2026-08-22T12:52:28.127Z"}
{"level":"error","message":"✘ Failed to get type description: Error: Failed to print, found malformed node Failed to print, found malformed node","node":{"id":"8e292c21-0781-40b4-a835-08eabba6398f","metadata":[],"problems":[{"code":"malformedSentence","sourceMap":{"end":{"column":28,"line":5,"offset":88},"start":{"column":17,"line":5,"offset":77}}}],"scope":{"containerScope":{"containerScope":{"containerScope":{"containerScope":{"contributions":{},"includedScopes":[]},"contributions":{},"includedScopes":[]},"contributions":{},"includedScopes":[{"containerScope":{"containerScope":{"containerScope":{"contributions":{},"includedScopes":[]},"contributions":{},"includedScopes":[]},"contributions":{},"includedScopes":[]},"contributions":{},"includedScopes":[]}]},"contributions":{},"includedScopes":[]},"contributions":{},"includedScopes":[]},"sentences":[{"id":"824ccafe-3f36-4119-a3c7-2faf531cd83f","metadata":[],"scope":{"containerScope":{"containerScope":{"containerScope":{"containerScope":{"containerScope":{"contributions":{},"includedScopes":[]},"contributions":{},"includedScopes":[]},"contributions":{},"includedScopes":[{"containerScope":{"containerScope":{"containerScope":{"contributions":{},"includedScopes":[]},"contributions":{},"includedScopes":[]},"contributions":{},"includedScopes":[]},"contributions":{},"includedScopes":[]}]},"contributions":{},"includedScopes":[]},"contributions":{},"includedScopes":[]},"contributions":{},"includedScopes":[]},"sourceMap":{"end":{"column":16,"line":5,"offset":76},"start":{"column":5,"line":5,"offset":65}},"value":{"id":"461a60eb-a6bd-440d-a465-a3083933c23c","metadata":[],"name":"vida","scope":{"containerScope":{"containerScope":{"containerScope":{"containerScope":{"containerScope":{"containerScope":{"contributions":{},"includedScopes":[]},"contributions":{},"includedScopes":[]},"contributions":{},"includedScopes":[{"containerScope":{"containerScope":{"containerScope":{"contributions":{},"includedScopes":[]},"contributions":{},"includedScopes":[]},"contributions":{},"includedScopes":[]},"contributions":{},"includedScopes":[]}]},"contributions":{},"includedScopes":[]},"contributions":{},"includedScopes":[]},"contributions":{},"includedScopes":[]},"contributions":{},"includedScopes":[]},"sourceMap":{"end":{"column":16,"line":5,"offset":76},"start":{"column":12,"line":5,"offset":72}}},"variable":{"id":"2708f6b2-5c4d-487a-8380-7b6ab3d0954a","metadata":[],"name":"vida","scope":{"containerScope":{"containerScope":{"containerScope":{"containerScope":{"containerScope":{"containerScope":{"contributions":{},"includedScopes":[]},"contributions":{},"includedScopes":[]},"contributions":{},"includedScopes":[{"containerScope":{"containerScope":{"containerScope":{"contributions":{},"includedScopes":[]},"contributions":{},"includedScopes":[]},"contributions":{},"includedScopes":[]},"contributions":{},"includedScopes":[]}]},"contributions":{},"includedScopes":[]},"contributions":{},"includedScopes":[]},"contributions":{},"includedScopes":[]},"contributions":{},"includedScopes":[]},"sourceMap":{"end":{"column":9,"line":5,"offset":69},"start":{"column":5,"line":5,"offset":65}}}}],"sourceMap":{"end":{"column":4,"line":7,"offset":99},"start":{"column":21,"line":4,"offset":58}}},"stack":"Error: Failed to print, found malformed node\n    at c:\\Users\\lucia\\.vscode\\extensions\\uqbar.wollok-lsp-ide-0.5.5\\out\\server\\src\\server.js:68:3585\n    at c:\\Users\\lucia\\.vscode\\extensions\\uqbar.wollok-lsp-ide-0.5.5\\out\\server\\src\\server.js:68:5370\n    at c:\\Users\\lucia\\.vscode\\extensions\\uqbar.wollok-lsp-ide-0.5.5\\out\\server\\src\\server.js:38:6131\n    at c:\\Users\\lucia\\.vscode\\extensions\\uqbar.wollok-lsp-ide-0.5.5\\out\\server\\src\\server.js:68:3664\n    at Ybn (c:\\Users\\lucia\\.vscode\\extensions\\uqbar.wollok-lsp-ide-0.5.5\\out\\server\\src\\server.js:68:3396)\n    at c:\\Users\\lucia\\.vscode\\extensions\\uqbar.wollok-lsp-ide-0.5.5\\out\\server\\src\\server.js:2430:847\n    at c:\\Users\\lucia\\.vscode\\extensions\\uqbar.wollok-lsp-ide-0.5.5\\out\\server\\src\\server.js:2430:8440\n    at c:\\Users\\lucia\\.vscode\\extensions\\uqbar.wollok-lsp-ide-0.5.5\\out\\server\\src\\server.js:37:74770\n    at Ke (c:\\Users\\lucia\\.vscode\\extensions\\uqbar.wollok-lsp-ide-0.5.5\\out\\server\\src\\server.js:7:8527)\n    at It (c:\\Users\\lucia\\.vscode\\extensions\\uqbar.wollok-lsp-ide-0.5.5\\out\\server\\src\\server.js:7:6189)","timestamp":"2026-08-22T12:52:42.523Z"}
{"level":"info","message":"⌛ Building environment","timeElapsed":135,"timestamp":"2026-08-22T12:52:49.619Z"}
{"level":"info","message":"⌛ Validating practica.wlk","timeElapsed":165,"timestamp":"2026-08-22T12:52:49.790Z"}
{"level":"info","message":"⌛ Building environment","timeElapsed":166,"timestamp":"2026-08-22T12:52:50.601Z"}
{"level":"info","message":"⌛ Validating practica.wlk","timeElapsed":134,"timestamp":"2026-08-22T12:52:50.740Z"}
{"level":"error","message":"✘ Failed to get type description: Error: Failed to print, found malformed node Failed to print, found malformed node","node":{"id":"c804f6c3-f55c-464a-8a61-f09e61a45eb7","metadata":[],"problems":[{"code":"malformedSentence","sourceMap":{"end":{"column":26,"line":5,"offset":86},"start":{"column":16,"line":5,"offset":76}}}],"scope":{"containerScope":{"containerScope":{"containerScope":{"containerScope":{"contributions":{},"includedScopes":[]},"contributions":{},"includedScopes":[]},"contributions":{},"includedScopes":[{"containerScope":{"containerScope":{"containerScope":{"contributions":{},"includedScopes":[]},"contributions":{},"includedScopes":[]},"contributions":{},"includedScopes":[]},"contributions":{},"includedScopes":[]}]},"contributions":{},"includedScopes":[]},"contributions":{},"includedScopes":[]},"sentences":[{"id":"1aee3143-6856-4452-9457-ef990f3de28b","metadata":[],"scope":{"containerScope":{"containerScope":{"containerScope":{"containerScope":{"containerScope":{"contributions":{},"includedScopes":[]},"contributions":{},"includedScopes":[]},"contributions":{},"includedScopes":[{"containerScope":{"containerScope":{"containerScope":{"contributions":{},"includedScopes":[]},"contributions":{},"includedScopes":[]},"contributions":{},"includedScopes":[]},"contributions":{},"includedScopes":[]}]},"contributions":{},"includedScopes":[]},"contributions":{},"includedScopes":[]},"contributions":{},"includedScopes":[]},"sourceMap":{"end":{"column":16,"line":5,"offset":76},"start":{"column":5,"line":5,"offset":65}},"value":{"id":"20a6c30a-5240-4a2e-a949-8163eb4107e8","metadata":[],"name":"vida","scope":{"containerScope":{"containerScope":{"containerScope":{"containerScope":{"containerScope":{"containerScope":{"contributions":{},"includedScopes":[]},"contributions":{},"includedScopes":[]},"contributions":{},"includedScopes":[{"containerScope":{"containerScope":{"containerScope":{"contributions":{},"includedScopes":[]},"contributions":{},"includedScopes":[]},"contributions":{},"includedScopes":[]},"contributions":{},"includedScopes":[]}]},"contributions":{},"includedScopes":[]},"contributions":{},"includedScopes":[]},"contributions":{},"includedScopes":[]},"contributions":{},"includedScopes":[]},"sourceMap":{"end":{"column":16,"line":5,"offset":76},"start":{"column":12,"line":5,"offset":72}}},"variable":{"id":"662fe5f5-1b08-461e-bcbb-2cb86e67af8e","metadata":[],"name":"vida","scope":{"containerScope":{"containerScope":{"containerScope":{"containerScope":{"containerScope":{"containerScope":{"contributions":{},"includedScopes":[]},"contributions":{},"includedScopes":[]},"contributions":{},"includedScopes":[{"containerScope":{"containerScope":{"containerScope":{"contributions":{},"includedScopes":[]},"contributions":{},"includedScopes":[]},"contributions":{},"includedScopes":[]},"contributions":{},"includedScopes":[]}]},"contributions":{},"includedScopes":[]},"contributions":{},"includedScopes":[]},"contributions":{},"includedScopes":[]},"contributions":{},"includedScopes":[]},"sourceMap":{"end":{"column":9,"line":5,"offset":69},"start":{"column":5,"line":5,"offset":65}}}}],"sourceMap":{"end":{"column":4,"line":7,"offset":93},"start":{"column":21,"line":4,"offset":58}}},"stack":"Error: Failed to print, found malformed node\n    at c:\\Users\\lucia\\.vscode\\extensions\\uqbar.wollok-lsp-ide-0.5.5\\out\\server\\src\\server.js:68:3585\n    at c:\\Users\\lucia\\.vscode\\extensions\\uqbar.wollok-lsp-ide-0.5.5\\out\\server\\src\\server.js:68:5370\n    at c:\\Users\\lucia\\.vscode\\extensions\\uqbar.wollok-lsp-ide-0.5.5\\out\\server\\src\\server.js:38:6131\n    at c:\\Users\\lucia\\.vscode\\extensions\\uqbar.wollok-lsp-ide-0.5.5\\out\\server\\src\\server.js:68:3664\n    at Ybn (c:\\Users\\lucia\\.vscode\\extensions\\uqbar.wollok-lsp-ide-0.5.5\\out\\server\\src\\server.js:68:3396)\n    at c:\\Users\\lucia\\.vscode\\extensions\\uqbar.wollok-lsp-ide-0.5.5\\out\\server\\src\\server.js:2430:847\n    at c:\\Users\\lucia\\.vscode\\extensions\\uqbar.wollok-lsp-ide-0.5.5\\out\\server\\src\\server.js:2430:8440\n    at c:\\Users\\lucia\\.vscode\\extensions\\uqbar.wollok-lsp-ide-0.5.5\\out\\server\\src\\server.js:37:74770\n    at Ke (c:\\Users\\lucia\\.vscode\\extensions\\uqbar.wollok-lsp-ide-0.5.5\\out\\server\\src\\server.js:7:8527)\n    at It (c:\\Users\\lucia\\.vscode\\extensions\\uqbar.wollok-lsp-ide-0.5.5\\out\\server\\src\\server.js:7:6189)","timestamp":"2026-08-22T12:53:42.364Z"}
{"level":"info","message":"⌛ Building environment","timeElapsed":214,"timestamp":"2026-08-22T12:54:12.903Z"}
{"level":"info","message":"⌛ Validating practica.wlk","timeElapsed":266,"timestamp":"2026-08-22T12:54:13.178Z"}
{"level":"info","message":"⌛ Building environment","timeElapsed":148,"timestamp":"2026-08-22T12:54:13.337Z"}
{"level":"info","message":"⌛ Validating practica.wlk","timeElapsed":105,"timestamp":"2026-08-22T12:54:13.485Z"}
{"level":"info","message":"⌛ Building environment","timeElapsed":130,"timestamp":"2026-08-22T12:54:14.212Z"}
{"level":"info","message":"⌛ Validating practica.wlk","timeElapsed":213,"timestamp":"2026-08-22T12:54:14.431Z"}
{"level":"info","message":"⌛ Validating practica.wlk","timeElapsed":124,"timestamp":"2026-08-22T12:54:14.647Z"}
{"level":"info","message":"⌛ Building environment","timeElapsed":107,"timestamp":"2026-08-22T12:54:14.883Z"}
{"level":"info","message":"⌛ Building environment","timeElapsed":216,"timestamp":"2026-08-22T12:54:18.353Z"}
{"level":"info","message":"⌛ Validating practica.wlk","timeElapsed":178,"timestamp":"2026-08-22T12:54:18.536Z"}
{"level":"info","message":"⌛ Building environment","timeElapsed":147,"timestamp":"2026-08-22T12:54:19.511Z"}
{"level":"info","message":"⌛ Building environment","timeElapsed":105,"timestamp":"2026-08-22T12:54:19.652Z"}
{"level":"info","message":"⌛ Validating practica.wlk","timeElapsed":187,"timestamp":"2026-08-22T12:54:19.850Z"}
{"level":"info","message":"⌛ Validating practica.wlk","timeElapsed":126,"timestamp":"2026-08-22T12:54:19.976Z"}
{"level":"info","message":"⌛ Building environment","timeElapsed":156,"timestamp":"2026-08-22T12:54:20.135Z"}
{"level":"info","message":"⌛ Building environment","timeElapsed":118,"timestamp":"2026-08-22T12:54:20.255Z"}
{"level":"info","message":"⌛ Building environment","timeElapsed":125,"timestamp":"2026-08-22T12:54:20.484Z"}
{"level":"info","message":"⌛ Validating practica.wlk","timeElapsed":167,"timestamp":"2026-08-22T12:54:20.653Z"}
{"level":"info","message":"⌛ Building environment","timeElapsed":116,"timestamp":"2026-08-22T12:54:20.771Z"}
{"level":"info","message":"⌛ Validating practica.wlk","timeElapsed":129,"timestamp":"2026-08-22T12:54:21.197Z"}
{"level":"info","message":"⌛ Validating practica.wlk","timeElapsed":102,"timestamp":"2026-08-22T12:54:21.713Z"}
{"level":"info","message":"⌛ Building environment","timeElapsed":119,"timestamp":"2026-08-22T12:54:22.151Z"}
{"level":"info","message":"⌛ Building environment","timeElapsed":101,"timestamp":"2026-08-22T12:54:22.972Z"}
{"level":"info","message":"⌛ Validating practica.wlk","timeElapsed":119,"timestamp":"2026-08-22T12:54:26.310Z"}
{"level":"info","message":"⌛ Validating practica.wlk","timeElapsed":103,"timestamp":"2026-08-22T12:54:28.595Z"}
{"level":"info","message":"⌛ Building environment","timeElapsed":104,"timestamp":"2026-08-22T12:54:29.596Z"}
{"level":"info","message":"⌛ Validating practica.wlk","timeElapsed":123,"timestamp":"2026-08-22T12:54:29.723Z"}
{"level":"info","message":"⌛ Building environment","timeElapsed":396,"timestamp":"2026-08-22T12:54:34.524Z"}
{"level":"info","message":"⌛ Validating practica.wlk","timeElapsed":124,"timestamp":"2026-08-22T12:54:34.657Z"}
{"level":"info","message":"⌛ Building environment","timeElapsed":117,"timestamp":"2026-08-22T12:54:35.678Z"}
{"level":"info","message":"⌛ Validating practica.wlk","timeElapsed":272,"timestamp":"2026-08-22T12:54:35.953Z"}
{"level":"info","message":"⌛ Building environment","timeElapsed":104,"timestamp":"2026-08-22T12:54:36.058Z"}
{"level":"info","message":"⌛ Validating practica.wlk","timeElapsed":139,"timestamp":"2026-08-22T12:54:36.303Z"}
{"level":"info","message":"⌛ Validating practica.wlk","timeElapsed":144,"timestamp":"2026-08-22T12:54:36.448Z"}
{"level":"info","message":"⌛ Building environment","timeElapsed":142,"timestamp":"2026-08-22T12:54:39.404Z"}
{"level":"info","message":"⌛ Validating practica.wlk","timeElapsed":118,"timestamp":"2026-08-22T12:54:39.527Z"}
{"level":"info","message":"⌛ Building environment","timeElapsed":113,"timestamp":"2026-08-22T12:54:41.050Z"}
{"level":"info","message":"⌛ Validating practica.wlk","timeElapsed":118,"timestamp":"2026-08-22T12:54:41.182Z"}
{"level":"info","message":"⌛ Building environment","timeElapsed":140,"timestamp":"2026-08-22T12:54:54.339Z"}
{"level":"info","message":"⌛ Validating practica.wlk","timeElapsed":132,"timestamp":"2026-08-22T12:54:54.476Z"}
{"level":"info","message":"⌛ Building environment","timeElapsed":112,"timestamp":"2026-08-22T12:54:54.662Z"}
{"level":"info","message":"⌛ Validating practica.wlk","timeElapsed":268,"timestamp":"2026-08-22T12:54:54.967Z"}
{"level":"info","message":"⌛ Building environment","timeElapsed":120,"timestamp":"2026-08-22T12:54:55.090Z"}
{"level":"info","message":"⌛ Validating practica.wlk","timeElapsed":128,"timestamp":"2026-08-22T12:54:55.274Z"}
{"level":"info","message":"⌛ Building environment","timeElapsed":136,"timestamp":"2026-08-22T12:54:57.963Z"}
{"level":"info","message":"⌛ Validating practica.wlk","timeElapsed":154,"timestamp":"2026-08-22T12:54:58.123Z"}
{"level":"info","message":"⌛ Validating practica.wlk","timeElapsed":120,"timestamp":"2026-08-22T12:54:58.342Z"}
{"level":"info","message":"⌛ Validating practica.wlk","timeElapsed":192,"timestamp":"2026-08-22T12:55:13.654Z"}
{"level":"info","message":"⌛ Building environment","timeElapsed":122,"timestamp":"2026-08-22T12:55:14.390Z"}
{"level":"info","message":"⌛ Validating practica.wlk","timeElapsed":214,"timestamp":"2026-08-22T12:55:14.609Z"}
{"level":"error","message":"✘ Failed to get type description: Error: Failed to print, found malformed node Failed to print, found malformed node","node":{"id":"5d70d34e-eafb-4f9a-85ba-658f16850794","metadata":[],"problems":[{"code":"malformedSentence","sourceMap":{"end":{"column":30,"line":5,"offset":98},"start":{"column":20,"line":5,"offset":88}}}],"scope":{"containerScope":{"containerScope":{"containerScope":{"containerScope":{"contributions":{},"includedScopes":[]},"contributions":{},"includedScopes":[]},"contributions":{},"includedScopes":[{"containerScope":{"containerScope":{"containerScope":{"contributions":{},"includedScopes":[]},"contributions":{},"includedScopes":[]},"contributions":{},"includedScopes":[]},"contributions":{},"includedScopes":[]}]},"contributions":{},"includedScopes":[]},"contributions":{},"includedScopes":[]},"sentences":[{"id":"5edd52fe-4766-4d0b-b12b-9e6120e7bfd0","metadata":[],"scope":{"containerScope":{"containerScope":{"containerScope":{"containerScope":{"containerScope":{"contributions":{},"includedScopes":[]},"contributions":{},"includedScopes":[]},"contributions":{},"includedScopes":[{"containerScope":{"containerScope":{"containerScope":{"contributions":{},"includedScopes":[]},"contributions":{},"includedScopes":[]},"contributions":{},"includedScopes":[]},"contributions":{},"includedScopes":[]}]},"contributions":{},"includedScopes":[]},"contributions":{},"includedScopes":[]},"contributions":{},"includedScopes":[]},"sourceMap":{"end":{"column":20,"line":5,"offset":88},"start":{"column":9,"line":5,"offset":77}},"value":{"id":"fa229c2c-b7fd-401b-b4d2-f18254593ef4","metadata":[],"name":"vida","scope":{"containerScope":{"containerScope":{"containerScope":{"containerScope":{"containerScope":{"containerScope":{"contributions":{},"includedScopes":[]},"contributions":{},"includedScopes":[]},"contributions":{},"includedScopes":[{"containerScope":{"containerScope":{"containerScope":{"contributions":{},"includedScopes":[]},"contributions":{},"includedScopes":[]},"contributions":{},"includedScopes":[]},"contributions":{},"includedScopes":[]}]},"contributions":{},"includedScopes":[]},"contributions":{},"includedScopes":[]},"contributions":{},"includedScopes":[]},"contributions":{},"includedScopes":[]},"sourceMap":{"end":{"column":20,"line":5,"offset":88},"start":{"column":16,"line":5,"offset":84}}},"variable":{"id":"14abc483-4e8d-457f-981a-1f4849cf8d0d","metadata":[],"name":"vida","scope":{"containerScope":{"containerScope":{"containerScope":{"containerScope":{"containerScope":{"containerScope":{"contributions":{},"includedScopes":[]},"contributions":{},"includedScopes":[]},"contributions":{},"includedScopes":[{"containerScope":{"containerScope":{"containerScope":{"contributions":{},"includedScopes":[]},"contributions":{},"includedScopes":[]},"contributions":{},"includedScopes":[]},"contributions":{},"includedScopes":[]}]},"contributions":{},"includedScopes":[]},"contributions":{},"includedScopes":[]},"contributions":{},"includedScopes":[]},"contributions":{},"includedScopes":[]},"sourceMap":{"end":{"column":13,"line":5,"offset":81},"start":{"column":9,"line":5,"offset":77}}}}],"sourceMap":{"end":{"column":6,"line":6,"offset":105},"start":{"column":23,"line":4,"offset":66}}},"stack":"Error: Failed to print, found malformed node\n    at c:\\Users\\lucia\\.vscode\\extensions\\uqbar.wollok-lsp-ide-0.5.5\\out\\server\\src\\server.js:68:3585\n    at c:\\Users\\lucia\\.vscode\\extensions\\uqbar.wollok-lsp-ide-0.5.5\\out\\server\\src\\server.js:68:5370\n    at c:\\Users\\lucia\\.vscode\\extensions\\uqbar.wollok-lsp-ide-0.5.5\\out\\server\\src\\server.js:38:6131\n    at c:\\Users\\lucia\\.vscode\\extensions\\uqbar.wollok-lsp-ide-0.5.5\\out\\server\\src\\server.js:68:3664\n    at Ybn (c:\\Users\\lucia\\.vscode\\extensions\\uqbar.wollok-lsp-ide-0.5.5\\out\\server\\src\\server.js:68:3396)\n    at c:\\Users\\lucia\\.vscode\\extensions\\uqbar.wollok-lsp-ide-0.5.5\\out\\server\\src\\server.js:2430:847\n    at c:\\Users\\lucia\\.vscode\\extensions\\uqbar.wollok-lsp-ide-0.5.5\\out\\server\\src\\server.js:2430:8440\n    at c:\\Users\\lucia\\.vscode\\extensions\\uqbar.wollok-lsp-ide-0.5.5\\out\\server\\src\\server.js:37:74770\n    at Ke (c:\\Users\\lucia\\.vscode\\extensions\\uqbar.wollok-lsp-ide-0.5.5\\out\\server\\src\\server.js:7:8527)\n    at It (c:\\Users\\lucia\\.vscode\\extensions\\uqbar.wollok-lsp-ide-0.5.5\\out\\server\\src\\server.js:7:6189)","timestamp":"2026-08-22T12:57:00.337Z"}
{"level":"info","message":"⌛ Building environment","timeElapsed":149,"timestamp":"2026-08-22T12:57:20.690Z"}
{"level":"info","message":"⌛ Validating practica.wlk","timeElapsed":220,"timestamp":"2026-08-22T12:57:20.918Z"}
{"level":"info","message":"⌛ Building environment","timeElapsed":278,"timestamp":"2026-08-22T12:58:36.497Z"}
{"level":"info","message":"⌛ Validating ejercicioIntegradorAngryBirds/angryBirds.wlk","timeElapsed":473,"timestamp":"2026-08-22T12:58:37.121Z"}
{"level":"info","message":"⌛ Building environment","timeElapsed":288,"timestamp":"2026-08-22T13:01:11.556Z"}
{"level":"info","message":"⌛ Building environment","timeElapsed":133,"timestamp":"2026-08-22T13:01:11.693Z"}
{"level":"info","message":"⌛ Validating practica.wlk","timeElapsed":316,"timestamp":"2026-08-22T13:01:12.060Z"}
{"level":"info","message":"⌛ Building environment","timeElapsed":123,"timestamp":"2026-08-22T13:01:12.305Z"}
{"level":"info","message":"⌛ Building environment","timeElapsed":189,"timestamp":"2026-08-22T13:01:12.502Z"}
{"level":"info","message":"⌛ Building environment","timeElapsed":145,"timestamp":"2026-08-22T13:01:12.660Z"}
{"level":"info","message":"⌛ Validating practica.wlk","timeElapsed":206,"timestamp":"2026-08-22T13:01:12.876Z"}
{"level":"info","message":"⌛ Validating practica.wlk","timeElapsed":131,"timestamp":"2026-08-22T13:01:13.007Z"}
{"level":"info","message":"⌛ Validating ejercicioIntegradorAngryBirds/angryBirds.wlk","timeElapsed":137,"timestamp":"2026-08-22T13:01:13.245Z"}
{"level":"info","message":"⌛ Building environment","timeElapsed":188,"timestamp":"2026-08-22T13:01:13.552Z"}
{"level":"info","message":"⌛ Validating practica.wlk","timeElapsed":195,"timestamp":"2026-08-22T13:01:13.755Z"}
{"level":"info","message":"⌛ Validating ejercicioIntegradorAngryBirds/testAngryBirds.wtest","timeElapsed":124,"timestamp":"2026-08-22T13:01:13.881Z"}
{"level":"info","message":"⌛ Validating ejercicioIntegradorAngryBirds/angryBirds.wlk","timeElapsed":139,"timestamp":"2026-08-22T13:01:14.022Z"}
{"level":"info","message":"⌛ Building environment","timeElapsed":260,"timestamp":"2026-08-22T13:05:30.164Z"}
{"level":"info","message":"⌛ Building environment","timeElapsed":145,"timestamp":"2026-08-22T13:05:30.310Z"}
{"level":"info","message":"Removing diagnostics from /C:/Users/lucia/Desktop/UTN/pdp/pdp-practica-wollok/ejercicioIntegradorAngryBirds","timestamp":"2026-08-22T13:05:30.413Z"}
{"level":"info","message":"⌛ Building environment","timeElapsed":164,"timestamp":"2026-08-22T13:06:26.567Z"}
{"level":"info","message":"⌛ Validating practica.wlk","timeElapsed":310,"timestamp":"2026-08-22T13:06:26.882Z"}
{"level":"info","message":"⌛ Building environment","timeElapsed":136,"timestamp":"2026-08-22T13:06:27.960Z"}
{"level":"info","message":"⌛ Validating practica.wlk","timeElapsed":177,"timestamp":"2026-08-22T13:06:28.144Z"}
{"level":"info","message":"⌛ Building environment","timeElapsed":199,"timestamp":"2026-08-22T13:06:28.398Z"}
{"level":"error","message":"✘ Completions for node Assignment ([5:9, 5:17] - practica.wlk) failed: Error: [Assignment]{31a53a} at practica.wlk:5 exhausted all cases without a match [Assignment]{31a53a} at practica.wlk:5 exhausted all cases without a match","stack":"Error: [Assignment]{31a53a} at practica.wlk:5 exhausted all cases without a match\n    at c:\\Users\\lucia\\.vscode\\extensions\\uqbar.wollok-lsp-ide-0.5.5\\out\\server\\src\\server.js:38:6142\n    at L2 (c:\\Users\\lucia\\.vscode\\extensions\\uqbar.wollok-lsp-ide-0.5.5\\out\\server\\src\\server.js:2421:42)\n    at Jh (c:\\Users\\lucia\\.vscode\\extensions\\uqbar.wollok-lsp-ide-0.5.5\\out\\server\\src\\server.js:2421:1092)\n    at w5n (c:\\Users\\lucia\\.vscode\\extensions\\uqbar.wollok-lsp-ide-0.5.5\\out\\server\\src\\server.js:2421:1248)\n    at c:\\Users\\lucia\\.vscode\\extensions\\uqbar.wollok-lsp-ide-0.5.5\\out\\server\\src\\server.js:38:6131\n    at L2 (c:\\Users\\lucia\\.vscode\\extensions\\uqbar.wollok-lsp-ide-0.5.5\\out\\server\\src\\server.js:2421:42)\n    at c:\\Users\\lucia\\.vscode\\extensions\\uqbar.wollok-lsp-ide-0.5.5\\out\\server\\src\\server.js:2421:2988\n    at c:\\Users\\lucia\\.vscode\\extensions\\uqbar.wollok-lsp-ide-0.5.5\\out\\server\\src\\server.js:2430:8440\n    at c:\\Users\\lucia\\.vscode\\extensions\\uqbar.wollok-lsp-ide-0.5.5\\out\\server\\src\\server.js:37:74872\n    at Ke (c:\\Users\\lucia\\.vscode\\extensions\\uqbar.wollok-lsp-ide-0.5.5\\out\\server\\src\\server.js:7:8527)","timestamp":"2026-08-22T13:06:28.491Z"}
{"level":"info","message":"⌛ Validating practica.wlk","timeElapsed":222,"timestamp":"2026-08-22T13:06:28.721Z"}
{"level":"info","message":"⌛ Building environment","timeElapsed":126,"timestamp":"2026-08-22T13:06:28.848Z"}
{"level":"info","message":"⌛ Building environment","timeElapsed":119,"timestamp":"2026-08-22T13:06:28.969Z"}
{"level":"info","message":"⌛ Building environment","timeElapsed":104,"timestamp":"2026-08-22T13:06:29.074Z"}
{"level":"info","message":"⌛ Validating practica.wlk","timeElapsed":154,"timestamp":"2026-08-22T13:06:29.243Z"}
{"level":"info","message":"⌛ Validating practica.wlk","timeElapsed":148,"timestamp":"2026-08-22T13:06:29.394Z"}
{"level":"info","message":"⌛ Building environment","timeElapsed":170,"timestamp":"2026-08-22T13:06:30.613Z"}
{"level":"info","message":"⌛ Validating practica.wlk","timeElapsed":131,"timestamp":"2026-08-22T13:06:30.749Z"}
{"level":"info","message":"⌛ Building environment","timeElapsed":112,"timestamp":"2026-08-22T13:06:31.281Z"}
{"level":"info","message":"⌛ Validating practica.wlk","timeElapsed":131,"timestamp":"2026-08-22T13:06:31.424Z"}
{"level":"info","message":"⌛ Building environment","timeElapsed":107,"timestamp":"2026-08-22T13:06:34.176Z"}
{"level":"info","message":"⌛ Validating practica.wlk","timeElapsed":133,"timestamp":"2026-08-22T13:06:34.314Z"}
{"level":"info","message":"⌛ Building environment","timeElapsed":146,"timestamp":"2026-08-22T13:07:16.147Z"}
{"level":"info","message":"⌛ Validating practica.wlk","timeElapsed":219,"timestamp":"2026-08-22T13:07:16.370Z"}
{"level":"info","message":"⌛ Building environment","timeElapsed":115,"timestamp":"2026-08-22T13:07:17.005Z"}
{"level":"info","message":"⌛ Validating practica.wlk","timeElapsed":141,"timestamp":"2026-08-22T13:07:17.150Z"}
{"level":"info","message":"⌛ Building environment","timeElapsed":107,"timestamp":"2026-08-22T13:07:17.584Z"}
{"level":"info","message":"⌛ Validating practica.wlk","timeElapsed":155,"timestamp":"2026-08-22T13:07:17.805Z"}
{"level":"info","message":"⌛ Building environment","timeElapsed":134,"timestamp":"2026-08-22T13:07:17.939Z"}
{"level":"info","message":"⌛ Building environment","timeElapsed":108,"timestamp":"2026-08-22T13:07:18.048Z"}
{"level":"info","message":"⌛ Validating practica.wlk","timeElapsed":136,"timestamp":"2026-08-22T13:07:18.186Z"}
{"level":"info","message":"⌛ Building environment","timeElapsed":103,"timestamp":"2026-08-22T13:07:18.289Z"}
{"level":"info","message":"⌛ Validating practica.wlk","timeElapsed":289,"timestamp":"2026-08-22T13:07:18.580Z"}
{"level":"info","message":"⌛ Building environment","timeElapsed":102,"timestamp":"2026-08-22T13:07:18.683Z"}
{"level":"info","message":"⌛ Validating practica.wlk","timeElapsed":111,"timestamp":"2026-08-22T13:07:19.197Z"}
{"level":"info","message":"⌛ Building environment","timeElapsed":125,"timestamp":"2026-08-22T13:07:21.310Z"}
{"level":"info","message":"⌛ Validating practica.wlk","timeElapsed":266,"timestamp":"2026-08-22T13:07:21.586Z"}
{"level":"info","message":"⌛ Validating practica.wlk","timeElapsed":116,"timestamp":"2026-08-22T13:07:22.193Z"}
{"level":"info","message":"⌛ Validating practica.wlk","timeElapsed":125,"timestamp":"2026-08-22T13:07:22.495Z"}
{"level":"info","message":"⌛ Building environment","timeElapsed":115,"timestamp":"2026-08-22T13:07:23.294Z"}
{"level":"info","message":"⌛ Validating practica.wlk","timeElapsed":156,"timestamp":"2026-08-22T13:07:23.456Z"}
{"level":"info","message":"⌛ Building environment","timeElapsed":105,"timestamp":"2026-08-22T13:07:23.563Z"}
{"level":"info","message":"⌛ Validating practica.wlk","timeElapsed":150,"timestamp":"2026-08-22T13:07:23.808Z"}
{"level":"info","message":"⌛ Validating practica.wlk","timeElapsed":129,"timestamp":"2026-08-22T13:07:23.937Z"}
{"level":"info","message":"⌛ Building environment","timeElapsed":136,"timestamp":"2026-08-22T13:07:24.632Z"}
{"level":"info","message":"⌛ Validating practica.wlk","timeElapsed":162,"timestamp":"2026-08-22T13:07:24.825Z"}
{"level":"info","message":"⌛ Building environment","timeElapsed":101,"timestamp":"2026-08-22T13:07:24.927Z"}
{"level":"info","message":"⌛ Building environment","timeElapsed":115,"timestamp":"2026-08-22T13:07:25.042Z"}
{"level":"info","message":"⌛ Validating practica.wlk","timeElapsed":136,"timestamp":"2026-08-22T13:07:25.179Z"}
{"level":"info","message":"⌛ Validating practica.wlk","timeElapsed":141,"timestamp":"2026-08-22T13:07:25.321Z"}
{"level":"info","message":"⌛ Building environment","timeElapsed":101,"timestamp":"2026-08-22T13:07:26.086Z"}
{"level":"info","message":"⌛ Validating practica.wlk","timeElapsed":115,"timestamp":"2026-08-22T13:07:26.210Z"}
{"level":"info","message":"⌛ Building environment","timeElapsed":109,"timestamp":"2026-08-22T13:07:28.724Z"}
{"level":"info","message":"⌛ Validating practica.wlk","timeElapsed":145,"timestamp":"2026-08-22T13:07:28.906Z"}
{"level":"info","message":"⌛ Building environment","timeElapsed":108,"timestamp":"2026-08-22T13:07:29.014Z"}
{"level":"info","message":"⌛ Building environment","timeElapsed":101,"timestamp":"2026-08-22T13:07:29.207Z"}
{"level":"info","message":"⌛ Validating practica.wlk","timeElapsed":140,"timestamp":"2026-08-22T13:07:29.348Z"}
{"level":"info","message":"⌛ Validating practica.wlk","timeElapsed":135,"timestamp":"2026-08-22T13:07:29.484Z"}
{"level":"info","message":"⌛ Validating practica.wlk","timeElapsed":125,"timestamp":"2026-08-22T13:07:29.610Z"}
{"level":"info","message":"⌛ Validating practica.wlk","timeElapsed":177,"timestamp":"2026-08-22T13:07:30.716Z"}
{"level":"info","message":"⌛ Building environment","timeElapsed":108,"timestamp":"2026-08-22T13:07:30.928Z"}
{"level":"error","message":"✘ Completions for node Return (undefined - practica.wlk) failed: Error: [Return]{c811c0} at practica.wlk:-- exhausted all cases without a match [Return]{c811c0} at practica.wlk:-- exhausted all cases without a match","stack":"Error: [Return]{c811c0} at practica.wlk:-- exhausted all cases without a match\n    at c:\\Users\\lucia\\.vscode\\extensions\\uqbar.wollok-lsp-ide-0.5.5\\out\\server\\src\\server.js:38:6142\n    at L2 (c:\\Users\\lucia\\.vscode\\extensions\\uqbar.wollok-lsp-ide-0.5.5\\out\\server\\src\\server.js:2421:42)\n    at Jh (c:\\Users\\lucia\\.vscode\\extensions\\uqbar.wollok-lsp-ide-0.5.5\\out\\server\\src\\server.js:2421:1092)\n    at w5n (c:\\Users\\lucia\\.vscode\\extensions\\uqbar.wollok-lsp-ide-0.5.5\\out\\server\\src\\server.js:2421:1248)\n    at c:\\Users\\lucia\\.vscode\\extensions\\uqbar.wollok-lsp-ide-0.5.5\\out\\server\\src\\server.js:38:6131\n    at L2 (c:\\Users\\lucia\\.vscode\\extensions\\uqbar.wollok-lsp-ide-0.5.5\\out\\server\\src\\server.js:2421:42)\n    at c:\\Users\\lucia\\.vscode\\extensions\\uqbar.wollok-lsp-ide-0.5.5\\out\\server\\src\\server.js:2421:2988\n    at c:\\Users\\lucia\\.vscode\\extensions\\uqbar.wollok-lsp-ide-0.5.5\\out\\server\\src\\server.js:2430:8440\n    at c:\\Users\\lucia\\.vscode\\extensions\\uqbar.wollok-lsp-ide-0.5.5\\out\\server\\src\\server.js:37:74872\n    at Ke (c:\\Users\\lucia\\.vscode\\extensions\\uqbar.wollok-lsp-ide-0.5.5\\out\\server\\src\\server.js:7:8527)","timestamp":"2026-08-22T13:07:30.975Z"}
{"level":"info","message":"⌛ Validating practica.wlk","timeElapsed":153,"timestamp":"2026-08-22T13:07:31.135Z"}
{"level":"info","message":"⌛ Building environment","timeElapsed":207,"timestamp":"2026-08-22T13:07:31.344Z"}
{"level":"info","message":"⌛ Building environment","timeElapsed":116,"timestamp":"2026-08-22T13:07:31.560Z"}
{"level":"info","message":"⌛ Validating practica.wlk","timeElapsed":128,"timestamp":"2026-08-22T13:07:31.689Z"}
{"level":"info","message":"⌛ Building environment","timeElapsed":300,"timestamp":"2026-08-29T12:19:57.505Z"}
{"level":"info","message":"⌛ Building environment","timeElapsed":206,"timestamp":"2026-08-29T12:19:57.716Z"}
{"level":"info","message":"⌛ Validating practica.wlk","timeElapsed":477,"timestamp":"2026-08-29T12:20:02.883Z"}
{"level":"info","message":"⌛ Building environment","timeElapsed":114,"timestamp":"2026-08-29T12:20:02.999Z"}
{"level":"info","message":"⌛ Validating practica.wlk","timeElapsed":256,"timestamp":"2026-08-29T12:20:05.680Z"}
{"level":"info","message":"⌛ Building environment","timeElapsed":190,"timestamp":"2026-08-29T12:21:04.569Z"}
{"level":"info","message":"⌛ Validating practica.wlk","timeElapsed":267,"timestamp":"2026-08-29T12:21:04.841Z"}
{"level":"info","message":"⌛ Building environment","timeElapsed":153,"timestamp":"2026-08-29T12:50:29.890Z"}
{"level":"info","message":"⌛ Validating practica.wlk","timeElapsed":220,"timestamp":"2026-08-29T12:50:30.122Z"}
{"level":"info","message":"⌛ Building environment","timeElapsed":266,"timestamp":"2026-08-29T12:51:38.267Z"}
{"level":"info","message":"⌛ Validating practica.wlk","timeElapsed":192,"timestamp":"2026-08-29T12:51:38.557Z"}
{"level":"info","message":"⌛ Building environment","timeElapsed":468,"timestamp":"2026-08-29T12:51:54.853Z"}
{"level":"info","message":"⌛ Validating practica.wlk","timeElapsed":328,"timestamp":"2026-08-29T12:51:55.303Z"}
{"level":"info","message":"⌛ Building environment","timeElapsed":636,"timestamp":"2026-08-29T12:51:56.599Z"}
{"level":"info","message":"⌛ Validating practica.wlk","timeElapsed":266,"timestamp":"2026-08-29T12:51:56.873Z"}
{"level":"info","message":"⌛ Building environment","timeElapsed":296,"timestamp":"2026-08-29T12:52:15.339Z"}
{"level":"error","message":"✘ Completions for node Send ([261:13, 261:22] - practica.wlk) failed: Error: [Send]{8ace7b} at practica.wlk:261 exhausted all cases without a match [Send]{8ace7b} at practica.wlk:261 exhausted all cases without a match","stack":"Error: [Send]{8ace7b} at practica.wlk:261 exhausted all cases without a match\n    at c:\\Users\\lucia\\.vscode\\extensions\\uqbar.wollok-lsp-ide-0.5.5\\out\\server\\src\\server.js:38:6142\n    at L2 (c:\\Users\\lucia\\.vscode\\extensions\\uqbar.wollok-lsp-ide-0.5.5\\out\\server\\src\\server.js:2421:42)\n    at Jh (c:\\Users\\lucia\\.vscode\\extensions\\uqbar.wollok-lsp-ide-0.5.5\\out\\server\\src\\server.js:2421:1092)\n    at w5n (c:\\Users\\lucia\\.vscode\\extensions\\uqbar.wollok-lsp-ide-0.5.5\\out\\server\\src\\server.js:2421:1248)\n    at c:\\Users\\lucia\\.vscode\\extensions\\uqbar.wollok-lsp-ide-0.5.5\\out\\server\\src\\server.js:38:6131\n    at L2 (c:\\Users\\lucia\\.vscode\\extensions\\uqbar.wollok-lsp-ide-0.5.5\\out\\server\\src\\server.js:2421:42)\n    at c:\\Users\\lucia\\.vscode\\extensions\\uqbar.wollok-lsp-ide-0.5.5\\out\\server\\src\\server.js:2421:2988\n    at c:\\Users\\lucia\\.vscode\\extensions\\uqbar.wollok-lsp-ide-0.5.5\\out\\server\\src\\server.js:2430:8440\n    at c:\\Users\\lucia\\.vscode\\extensions\\uqbar.wollok-lsp-ide-0.5.5\\out\\server\\src\\server.js:37:74872\n    at Ke (c:\\Users\\lucia\\.vscode\\extensions\\uqbar.wollok-lsp-ide-0.5.5\\out\\server\\src\\server.js:7:8527)","timestamp":"2026-08-29T12:52:15.401Z"}
{"level":"error","message":"✘ Completions for node If ([260:9, 262:10] - practica.wlk) failed: Error: [If]{f04dac} at practica.wlk:260 exhausted all cases without a match [If]{f04dac} at practica.wlk:260 exhausted all cases without a match","stack":"Error: [If]{f04dac} at practica.wlk:260 exhausted all cases without a match\n    at c:\\Users\\lucia\\.vscode\\extensions\\uqbar.wollok-lsp-ide-0.5.5\\out\\server\\src\\server.js:38:6142\n    at L2 (c:\\Users\\lucia\\.vscode\\extensions\\uqbar.wollok-lsp-ide-0.5.5\\out\\server\\src\\server.js:2421:42)\n    at Jh (c:\\Users\\lucia\\.vscode\\extensions\\uqbar.wollok-lsp-ide-0.5.5\\out\\server\\src\\server.js:2421:1092)\n    at y5n (c:\\Users\\lucia\\.vscode\\extensions\\uqbar.wollok-lsp-ide-0.5.5\\out\\server\\src\\server.js:2421:818)\n    at c:\\Users\\lucia\\.vscode\\extensions\\uqbar.wollok-lsp-ide-0.5.5\\out\\server\\src\\server.js:38:6131\n    at L2 (c:\\Users\\lucia\\.vscode\\extensions\\uqbar.wollok-lsp-ide-0.5.5\\out\\server\\src\\server.js:2421:42)\n    at Jh (c:\\Users\\lucia\\.vscode\\extensions\\uqbar.wollok-lsp-ide-0.5.5\\out\\server\\src\\server.js:2421:1092)\n    at L2 (c:\\Users\\lucia\\.vscode\\extensions\\uqbar.wollok-lsp-ide-0.5.5\\out\\server\\src\\server.js:2421:544)\n    at Jh (c:\\Users\\lucia\\.vscode\\extensions\\uqbar.wollok-lsp-ide-0.5.5\\out\\server\\src\\server.js:2421:1092)\n    at w5n (c:\\Users\\lucia\\.vscode\\extensions\\uqbar.wollok-lsp-ide-0.5.5\\out\\server\\src\\server.js:2421:1248)","timestamp":"2026-08-29T12:52:15.402Z"}
{"level":"info","message":"⌛ Building environment","timeElapsed":255,"timestamp":"2026-08-29T12:52:15.696Z"}
{"level":"info","message":"⌛ Building environment","timeElapsed":275,"timestamp":"2026-08-29T12:52:15.973Z"}
{"level":"info","message":"⌛ Validating practica.wlk","timeElapsed":124,"timestamp":"2026-08-29T12:52:16.102Z"}
{"level":"info","message":"⌛ Validating practica.wlk","timeElapsed":251,"timestamp":"2026-08-29T12:52:16.418Z"}
{"level":"info","message":"⌛ Validating practica.wlk","timeElapsed":233,"timestamp":"2026-08-29T12:52:16.653Z"}
{"level":"info","message":"⌛ Building environment","timeElapsed":165,"timestamp":"2026-08-29T12:52:16.821Z"}
{"level":"info","message":"⌛ Building environment","timeElapsed":176,"timestamp":"2026-08-29T12:52:16.998Z"}
{"level":"info","message":"⌛ Building environment","timeElapsed":155,"timestamp":"2026-08-29T12:52:17.169Z"}
{"level":"info","message":"⌛ Building environment","timeElapsed":366,"timestamp":"2026-08-29T12:52:17.539Z"}
{"level":"info","message":"⌛ Building environment","timeElapsed":232,"timestamp":"2026-08-29T12:52:17.773Z"}
{"level":"info","message":"⌛ Validating practica.wlk","timeElapsed":205,"timestamp":"2026-08-29T12:52:17.979Z"}
{"level":"info","message":"⌛ Validating practica.wlk","timeElapsed":146,"timestamp":"2026-08-29T12:52:18.191Z"}
{"level":"info","message":"⌛ Validating practica.wlk","timeElapsed":209,"timestamp":"2026-08-29T12:52:18.402Z"}
{"level":"info","message":"⌛ Validating practica.wlk","timeElapsed":245,"timestamp":"2026-08-29T12:52:18.638Z"}
{"level":"info","message":"⌛ Validating practica.wlk","timeElapsed":146,"timestamp":"2026-08-29T12:52:18.785Z"}
{"level":"info","message":"⌛ Building environment","timeElapsed":190,"timestamp":"2026-08-29T12:52:24.218Z"}
{"level":"error","message":"✘ Completions for node Send ([230:13, 230:22] - practica.wlk) failed: Error: [Send]{807568} at practica.wlk:230 exhausted all cases without a match [Send]{807568} at practica.wlk:230 exhausted all cases without a match","stack":"Error: [Send]{807568} at practica.wlk:230 exhausted all cases without a match\n    at c:\\Users\\lucia\\.vscode\\extensions\\uqbar.wollok-lsp-ide-0.5.5\\out\\server\\src\\server.js:38:6142\n    at L2 (c:\\Users\\lucia\\.vscode\\extensions\\uqbar.wollok-lsp-ide-0.5.5\\out\\server\\src\\server.js:2421:42)\n    at Jh (c:\\Users\\lucia\\.vscode\\extensions\\uqbar.wollok-lsp-ide-0.5.5\\out\\server\\src\\server.js:2421:1092)\n    at w5n (c:\\Users\\lucia\\.vscode\\extensions\\uqbar.wollok-lsp-ide-0.5.5\\out\\server\\src\\server.js:2421:1248)\n    at c:\\Users\\lucia\\.vscode\\extensions\\uqbar.wollok-lsp-ide-0.5.5\\out\\server\\src\\server.js:38:6131\n    at L2 (c:\\Users\\lucia\\.vscode\\extensions\\uqbar.wollok-lsp-ide-0.5.5\\out\\server\\src\\server.js:2421:42)\n    at c:\\Users\\lucia\\.vscode\\extensions\\uqbar.wollok-lsp-ide-0.5.5\\out\\server\\src\\server.js:2421:2988\n    at c:\\Users\\lucia\\.vscode\\extensions\\uqbar.wollok-lsp-ide-0.5.5\\out\\server\\src\\server.js:2430:8440\n    at c:\\Users\\lucia\\.vscode\\extensions\\uqbar.wollok-lsp-ide-0.5.5\\out\\server\\src\\server.js:37:74872\n    at Ke (c:\\Users\\lucia\\.vscode\\extensions\\uqbar.wollok-lsp-ide-0.5.5\\out\\server\\src\\server.js:7:8527)","timestamp":"2026-08-29T12:52:24.261Z"}
{"level":"error","message":"✘ Completions for node If ([229:9, 231:10] - practica.wlk) failed: Error: [If]{129af4} at practica.wlk:229 exhausted all cases without a match [If]{129af4} at practica.wlk:229 exhausted all cases without a match","stack":"Error: [If]{129af4} at practica.wlk:229 exhausted all cases without a match\n    at c:\\Users\\lucia\\.vscode\\extensions\\uqbar.wollok-lsp-ide-0.5.5\\out\\server\\src\\server.js:38:6142\n    at L2 (c:\\Users\\lucia\\.vscode\\extensions\\uqbar.wollok-lsp-ide-0.5.5\\out\\server\\src\\server.js:2421:42)\n    at Jh (c:\\Users\\lucia\\.vscode\\extensions\\uqbar.wollok-lsp-ide-0.5.5\\out\\server\\src\\server.js:2421:1092)\n    at y5n (c:\\Users\\lucia\\.vscode\\extensions\\uqbar.wollok-lsp-ide-0.5.5\\out\\server\\src\\server.js:2421:818)\n    at c:\\Users\\lucia\\.vscode\\extensions\\uqbar.wollok-lsp-ide-0.5.5\\out\\server\\src\\server.js:38:6131\n    at L2 (c:\\Users\\lucia\\.vscode\\extensions\\uqbar.wollok-lsp-ide-0.5.5\\out\\server\\src\\server.js:2421:42)\n    at Jh (c:\\Users\\lucia\\.vscode\\extensions\\uqbar.wollok-lsp-ide-0.5.5\\out\\server\\src\\server.js:2421:1092)\n    at L2 (c:\\Users\\lucia\\.vscode\\extensions\\uqbar.wollok-lsp-ide-0.5.5\\out\\server\\src\\server.js:2421:544)\n    at Jh (c:\\Users\\lucia\\.vscode\\extensions\\uqbar.wollok-lsp-ide-0.5.5\\out\\server\\src\\server.js:2421:1092)\n    at w5n (c:\\Users\\lucia\\.vscode\\extensions\\uqbar.wollok-lsp-ide-0.5.5\\out\\server\\src\\server.js:2421:1248)","timestamp":"2026-08-29T12:52:24.261Z"}
{"level":"info","message":"⌛ Validating practica.wlk","timeElapsed":177,"timestamp":"2026-08-29T12:52:24.471Z"}
{"level":"info","message":"⌛ Building environment","timeElapsed":225,"timestamp":"2026-08-29T12:52:24.725Z"}
{"level":"info","message":"⌛ Building environment","timeElapsed":213,"timestamp":"2026-08-29T12:52:24.974Z"}
{"level":"info","message":"⌛ Building environment","timeElapsed":303,"timestamp":"2026-08-29T12:52:25.279Z"}
{"level":"info","message":"⌛ Validating practica.wlk","timeElapsed":203,"timestamp":"2026-08-29T12:52:25.484Z"}
{"level":"info","message":"⌛ Building environment","timeElapsed":152,"timestamp":"2026-08-29T12:52:25.636Z"}
{"level":"info","message":"⌛ Validating practica.wlk","timeElapsed":193,"timestamp":"2026-08-29T12:52:25.872Z"}
{"level":"info","message":"⌛ Validating practica.wlk","timeElapsed":148,"timestamp":"2026-08-29T12:52:26.034Z"}
{"level":"info","message":"⌛ Validating practica.wlk","timeElapsed":192,"timestamp":"2026-08-29T12:52:26.229Z"}
{"level":"info","message":"⌛ Building environment","timeElapsed":202,"timestamp":"2026-08-29T12:52:26.433Z"}
{"level":"error","message":"✘ Completions for node Self ([230:13, 230:17] - practica.wlk) failed: Error: [Self]{f73b79} at practica.wlk:230 exhausted all cases without a match [Self]{f73b79} at practica.wlk:230 exhausted all cases without a match","stack":"Error: [Self]{f73b79} at practica.wlk:230 exhausted all cases without a match\n    at c:\\Users\\lucia\\.vscode\\extensions\\uqbar.wollok-lsp-ide-0.5.5\\out\\server\\src\\server.js:38:6142\n    at L2 (c:\\Users\\lucia\\.vscode\\extensions\\uqbar.wollok-lsp-ide-0.5.5\\out\\server\\src\\server.js:2421:42)\n    at c:\\Users\\lucia\\.vscode\\extensions\\uqbar.wollok-lsp-ide-0.5.5\\out\\server\\src\\server.js:2421:2988\n    at c:\\Users\\lucia\\.vscode\\extensions\\uqbar.wollok-lsp-ide-0.5.5\\out\\server\\src\\server.js:2430:8440\n    at c:\\Users\\lucia\\.vscode\\extensions\\uqbar.wollok-lsp-ide-0.5.5\\out\\server\\src\\server.js:37:74872\n    at Ke (c:\\Users\\lucia\\.vscode\\extensions\\uqbar.wollok-lsp-ide-0.5.5\\out\\server\\src\\server.js:7:8527)\n    at It (c:\\Users\\lucia\\.vscode\\extensions\\uqbar.wollok-lsp-ide-0.5.5\\out\\server\\src\\server.js:7:6189)\n    at et (c:\\Users\\lucia\\.vscode\\extensions\\uqbar.wollok-lsp-ide-0.5.5\\out\\server\\src\\server.js:7:6378)\n    at Immediate._onImmediate (c:\\Users\\lucia\\.vscode\\extensions\\uqbar.wollok-lsp-ide-0.5.5\\out\\server\\src\\server.js:7:6142)\n    at process.processImmediate (node:internal/timers:504:21)","timestamp":"2026-08-29T12:52:26.469Z"}
{"level":"error","message":"✘ Completions for node Send ([230:13, 230:25] - practica.wlk) failed: Error: [Send]{948513} at practica.wlk:230 exhausted all cases without a match [Send]{948513} at practica.wlk:230 exhausted all cases without a match","stack":"Error: [Send]{948513} at practica.wlk:230 exhausted all cases without a match\n    at c:\\Users\\lucia\\.vscode\\extensions\\uqbar.wollok-lsp-ide-0.5.5\\out\\server\\src\\server.js:38:6142\n    at L2 (c:\\Users\\lucia\\.vscode\\extensions\\uqbar.wollok-lsp-ide-0.5.5\\out\\server\\src\\server.js:2421:42)\n    at Jh (c:\\Users\\lucia\\.vscode\\extensions\\uqbar.wollok-lsp-ide-0.5.5\\out\\server\\src\\server.js:2421:1092)\n    at L2 (c:\\Users\\lucia\\.vscode\\extensions\\uqbar.wollok-lsp-ide-0.5.5\\out\\server\\src\\server.js:2421:544)\n    at c:\\Users\\lucia\\.vscode\\extensions\\uqbar.wollok-lsp-ide-0.5.5\\out\\server\\src\\server.js:2421:2988\n    at c:\\Users\\lucia\\.vscode\\extensions\\uqbar.wollok-lsp-ide-0.5.5\\out\\server\\src\\server.js:2430:8440\n    at c:\\Users\\lucia\\.vscode\\extensions\\uqbar.wollok-lsp-ide-0.5.5\\out\\server\\src\\server.js:37:74872\n    at Ke (c:\\Users\\lucia\\.vscode\\extensions\\uqbar.wollok-lsp-ide-0.5.5\\out\\server\\src\\server.js:7:8527)\n    at It (c:\\Users\\lucia\\.vscode\\extensions\\uqbar.wollok-lsp-ide-0.5.5\\out\\server\\src\\server.js:7:6189)\n    at et (c:\\Users\\lucia\\.vscode\\extensions\\uqbar.wollok-lsp-ide-0.5.5\\out\\server\\src\\server.js:7:6378)","timestamp":"2026-08-29T12:52:26.470Z"}
{"level":"error","message":"✘ Completions for node If ([229:9, 231:10] - practica.wlk) failed: Error: [If]{83eaa5} at practica.wlk:229 exhausted all cases without a match [If]{83eaa5} at practica.wlk:229 exhausted all cases without a match","stack":"Error: [If]{83eaa5} at practica.wlk:229 exhausted all cases without a match\n    at c:\\Users\\lucia\\.vscode\\extensions\\uqbar.wollok-lsp-ide-0.5.5\\out\\server\\src\\server.js:38:6142\n    at L2 (c:\\Users\\lucia\\.vscode\\extensions\\uqbar.wollok-lsp-ide-0.5.5\\out\\server\\src\\server.js:2421:42)\n    at Jh (c:\\Users\\lucia\\.vscode\\extensions\\uqbar.wollok-lsp-ide-0.5.5\\out\\server\\src\\server.js:2421:1092)\n    at y5n (c:\\Users\\lucia\\.vscode\\extensions\\uqbar.wollok-lsp-ide-0.5.5\\out\\server\\src\\server.js:2421:818)\n    at c:\\Users\\lucia\\.vscode\\extensions\\uqbar.wollok-lsp-ide-0.5.5\\out\\server\\src\\server.js:38:6131\n    at L2 (c:\\Users\\lucia\\.vscode\\extensions\\uqbar.wollok-lsp-ide-0.5.5\\out\\server\\src\\server.js:2421:42)\n    at Jh (c:\\Users\\lucia\\.vscode\\extensions\\uqbar.wollok-lsp-ide-0.5.5\\out\\server\\src\\server.js:2421:1092)\n    at L2 (c:\\Users\\lucia\\.vscode\\extensions\\uqbar.wollok-lsp-ide-0.5.5\\out\\server\\src\\server.js:2421:544)\n    at Jh (c:\\Users\\lucia\\.vscode\\extensions\\uqbar.wollok-lsp-ide-0.5.5\\out\\server\\src\\server.js:2421:1092)\n    at L2 (c:\\Users\\lucia\\.vscode\\extensions\\uqbar.wollok-lsp-ide-0.5.5\\out\\server\\src\\server.js:2421:544)","timestamp":"2026-08-29T12:52:26.470Z"}
{"level":"info","message":"⌛ Validating practica.wlk","timeElapsed":161,"timestamp":"2026-08-29T12:52:26.662Z"}
{"level":"info","message":"⌛ Building environment","timeElapsed":127,"timestamp":"2026-08-29T12:52:33.873Z"}
{"level":"error","message":"✘ Completions for node Send ([204:13, 204:22] - practica.wlk) failed: Error: [Send]{6c341b} at practica.wlk:204 exhausted all cases without a match [Send]{6c341b} at practica.wlk:204 exhausted all cases without a match","stack":"Error: [Send]{6c341b} at practica.wlk:204 exhausted all cases without a match\n    at c:\\Users\\lucia\\.vscode\\extensions\\uqbar.wollok-lsp-ide-0.5.5\\out\\server\\src\\server.js:38:6142\n    at L2 (c:\\Users\\lucia\\.vscode\\extensions\\uqbar.wollok-lsp-ide-0.5.5\\out\\server\\src\\server.js:2421:42)\n    at Jh (c:\\Users\\lucia\\.vscode\\extensions\\uqbar.wollok-lsp-ide-0.5.5\\out\\server\\src\\server.js:2421:1092)\n    at w5n (c:\\Users\\lucia\\.vscode\\extensions\\uqbar.wollok-lsp-ide-0.5.5\\out\\server\\src\\server.js:2421:1248)\n    at c:\\Users\\lucia\\.vscode\\extensions\\uqbar.wollok-lsp-ide-0.5.5\\out\\server\\src\\server.js:38:6131\n    at L2 (c:\\Users\\lucia\\.vscode\\extensions\\uqbar.wollok-lsp-ide-0.5.5\\out\\server\\src\\server.js:2421:42)\n    at c:\\Users\\lucia\\.vscode\\extensions\\uqbar.wollok-lsp-ide-0.5.5\\out\\server\\src\\server.js:2421:2988\n    at c:\\Users\\lucia\\.vscode\\extensions\\uqbar.wollok-lsp-ide-0.5.5\\out\\server\\src\\server.js:2430:8440\n    at c:\\Users\\lucia\\.vscode\\extensions\\uqbar.wollok-lsp-ide-0.5.5\\out\\server\\src\\server.js:37:74872\n    at Ke (c:\\Users\\lucia\\.vscode\\extensions\\uqbar.wollok-lsp-ide-0.5.5\\out\\server\\src\\server.js:7:8527)","timestamp":"2026-08-29T12:52:33.906Z"}
{"level":"error","message":"✘ Completions for node If ([203:9, 205:10] - practica.wlk) failed: Error: [If]{e059c7} at practica.wlk:203 exhausted all cases without a match [If]{e059c7} at practica.wlk:203 exhausted all cases without a match","stack":"Error: [If]{e059c7} at practica.wlk:203 exhausted all cases without a match\n    at c:\\Users\\lucia\\.vscode\\extensions\\uqbar.wollok-lsp-ide-0.5.5\\out\\server\\src\\server.js:38:6142\n    at L2 (c:\\Users\\lucia\\.vscode\\extensions\\uqbar.wollok-lsp-ide-0.5.5\\out\\server\\src\\server.js:2421:42)\n    at Jh (c:\\Users\\lucia\\.vscode\\extensions\\uqbar.wollok-lsp-ide-0.5.5\\out\\server\\src\\server.js:2421:1092)\n    at y5n (c:\\Users\\lucia\\.vscode\\extensions\\uqbar.wollok-lsp-ide-0.5.5\\out\\server\\src\\server.js:2421:818)\n    at c:\\Users\\lucia\\.vscode\\extensions\\uqbar.wollok-lsp-ide-0.5.5\\out\\server\\src\\server.js:38:6131\n    at L2 (c:\\Users\\lucia\\.vscode\\extensions\\uqbar.wollok-lsp-ide-0.5.5\\out\\server\\src\\server.js:2421:42)\n    at Jh (c:\\Users\\lucia\\.vscode\\extensions\\uqbar.wollok-lsp-ide-0.5.5\\out\\server\\src\\server.js:2421:1092)\n    at L2 (c:\\Users\\lucia\\.vscode\\extensions\\uqbar.wollok-lsp-ide-0.5.5\\out\\server\\src\\server.js:2421:544)\n    at Jh (c:\\Users\\lucia\\.vscode\\extensions\\uqbar.wollok-lsp-ide-0.5.5\\out\\server\\src\\server.js:2421:1092)\n    at w5n (c:\\Users\\lucia\\.vscode\\extensions\\uqbar.wollok-lsp-ide-0.5.5\\out\\server\\src\\server.js:2421:1248)","timestamp":"2026-08-29T12:52:33.906Z"}
{"level":"info","message":"⌛ Validating practica.wlk","timeElapsed":105,"timestamp":"2026-08-29T12:52:34.034Z"}
{"level":"info","message":"⌛ Building environment","timeElapsed":154,"timestamp":"2026-08-29T12:52:34.189Z"}
{"level":"info","message":"⌛ Building environment","timeElapsed":265,"timestamp":"2026-08-29T12:52:34.456Z"}
{"level":"info","message":"⌛ Validating practica.wlk","timeElapsed":114,"timestamp":"2026-08-29T12:52:34.604Z"}
{"level":"info","message":"⌛ Building environment","timeElapsed":115,"timestamp":"2026-08-29T12:52:34.722Z"}
{"level":"info","message":"⌛ Validating practica.wlk","timeElapsed":118,"timestamp":"2026-08-29T12:52:34.840Z"}
{"level":"info","message":"⌛ Validating practica.wlk","timeElapsed":116,"timestamp":"2026-08-29T12:52:34.977Z"}
{"level":"info","message":"⌛ Building environment","timeElapsed":151,"timestamp":"2026-08-29T12:52:41.402Z"}
{"level":"error","message":"✘ Completions for node Send ([121:8, 121:26] - practica.wlk) failed: Error: [Send]{8195be} at practica.wlk:121 exhausted all cases without a match [Send]{8195be} at practica.wlk:121 exhausted all cases without a match","stack":"Error: [Send]{8195be} at practica.wlk:121 exhausted all cases without a match\n    at c:\\Users\\lucia\\.vscode\\extensions\\uqbar.wollok-lsp-ide-0.5.5\\out\\server\\src\\server.js:38:6142\n    at L2 (c:\\Users\\lucia\\.vscode\\extensions\\uqbar.wollok-lsp-ide-0.5.5\\out\\server\\src\\server.js:2421:42)\n    at Jh (c:\\Users\\lucia\\.vscode\\extensions\\uqbar.wollok-lsp-ide-0.5.5\\out\\server\\src\\server.js:2421:1092)\n    at w5n (c:\\Users\\lucia\\.vscode\\extensions\\uqbar.wollok-lsp-ide-0.5.5\\out\\server\\src\\server.js:2421:1248)\n    at c:\\Users\\lucia\\.vscode\\extensions\\uqbar.wollok-lsp-ide-0.5.5\\out\\server\\src\\server.js:38:6131\n    at L2 (c:\\Users\\lucia\\.vscode\\extensions\\uqbar.wollok-lsp-ide-0.5.5\\out\\server\\src\\server.js:2421:42)\n    at c:\\Users\\lucia\\.vscode\\extensions\\uqbar.wollok-lsp-ide-0.5.5\\out\\server\\src\\server.js:2421:2988\n    at c:\\Users\\lucia\\.vscode\\extensions\\uqbar.wollok-lsp-ide-0.5.5\\out\\server\\src\\server.js:2430:8440\n    at c:\\Users\\lucia\\.vscode\\extensions\\uqbar.wollok-lsp-ide-0.5.5\\out\\server\\src\\server.js:37:74872\n    at Ke (c:\\Users\\lucia\\.vscode\\extensions\\uqbar.wollok-lsp-ide-0.5.5\\out\\server\\src\\server.js:7:8527)","timestamp":"2026-08-29T12:52:41.432Z"}
{"level":"info","message":"⌛ Validating practica.wlk","timeElapsed":139,"timestamp":"2026-08-29T12:52:41.597Z"}
{"level":"info","message":"⌛ Building environment","timeElapsed":159,"timestamp":"2026-08-29T12:52:41.757Z"}
{"level":"info","message":"⌛ Building environment","timeElapsed":161,"timestamp":"2026-08-29T12:52:41.919Z"}
{"level":"info","message":"⌛ Validating practica.wlk","timeElapsed":128,"timestamp":"2026-08-29T12:52:42.047Z"}
{"level":"info","message":"⌛ Building environment","timeElapsed":130,"timestamp":"2026-08-29T12:52:42.198Z"}
{"level":"info","message":"⌛ Validating practica.wlk","timeElapsed":138,"timestamp":"2026-08-29T12:52:42.337Z"}
{"level":"info","message":"⌛ Validating practica.wlk","timeElapsed":105,"timestamp":"2026-08-29T12:52:42.451Z"}
{"level":"info","message":"⌛ Building environment","timeElapsed":291,"timestamp":"2026-08-29T13:02:54.241Z"}
{"level":"info","message":"⌛ Validating practica.wlk","timeElapsed":169,"timestamp":"2026-08-29T13:02:54.551Z"}
{"level":"error","message":"✘ Could not produce symbols: document file:///c%3A/Users/lucia/Desktop/UTN/pdp/counter-strike-3.wlk not found","timestamp":"2026-08-29T13:23:10.770Z"}
{"level":"error","message":"✘ Could not produce symbols: document file:///c%3A/Users/lucia/Desktop/UTN/pdp/counter-strike-3.wlk not found","timestamp":"2026-08-29T13:23:11.122Z"}
{"level":"error","message":"✘ Could not produce symbols: document file:///c%3A/Users/lucia/Desktop/UTN/pdp/counter-strike-3.wlk not found","timestamp":"2026-08-29T13:23:34.951Z"}
{"level":"error","message":"✘ Could not produce symbols: document file:///c%3A/Users/lucia/Desktop/UTN/pdp/counter-strike-3.wlk not found","timestamp":"2026-08-29T13:23:34.998Z"}
{"level":"error","message":"✘ Could not produce symbols: document file:///c%3A/Users/lucia/Desktop/UTN/pdp/counter-strike-3.wlk not found","timestamp":"2026-08-29T13:24:01.448Z"}
{"level":"info","message":"⌛ Building environment","timeElapsed":177,"timestamp":"2026-08-29T13:26:21.838Z"}
{"level":"info","message":"⌛ Building environment","timeElapsed":235,"timestamp":"2026-08-29T13:26:22.075Z"}
{"level":"error","message":"✘ Failed to rebuild document Failed to parse counter-strike-3.wlk: \n-- PARSING FAILED --------------------------------------------------\n\n  162 |             armas.add(arma)\n  163 |             console.println(nombre + \" compró \" + arma + \" por $\" + precio)\n> 164 |         } else {\n      |         ^\n  165 |             console.println(nombre + \" no tiene suficiente dinero para \" + arma)\n  166 |         }\n\nExpected one of the following: \n\n'@', 'class', 'const', 'describe', 'mixin', 'object', 'only', 'package', 'program', 'test', 'var', '{', EOF, comment, not \"} \", whitespace\n","stack":"Error: Failed to parse counter-strike-3.wlk: \n-- PARSING FAILED --------------------------------------------------\n\n  162 |             armas.add(arma)\n  163 |             console.println(nombre + \" compró \" + arma + \" por $\" + precio)\n> 164 |         } else {\n      |         ^\n  165 |             console.println(nombre + \" no tiene suficiente dinero para \" + arma)\n  166 |         }\n\nExpected one of the following: \n\n'@', 'class', 'const', 'describe', 'mixin', 'object', 'only', 'package', 'program', 'test', 'var', '{', EOF, comment, not \"} \", whitespace\n\n    at c:\\Users\\lucia\\.vscode\\extensions\\uqbar.wollok-lsp-ide-0.5.5\\out\\server\\src\\server.js:2385:13026\n    at Array.map (<anonymous>)\n    at z1n (c:\\Users\\lucia\\.vscode\\extensions\\uqbar.wollok-lsp-ide-0.5.5\\out\\server\\src\\server.js:2385:12950)\n    at H2.buildEnvironmentFrom (c:\\Users\\lucia\\.vscode\\extensions\\uqbar.wollok-lsp-ide-0.5.5\\out\\server\\src\\server.js:2430:5254)\n    at H2.updateEnvironmentWith (c:\\Users\\lucia\\.vscode\\extensions\\uqbar.wollok-lsp-ide-0.5.5\\out\\server\\src\\server.js:2430:4989)\n    at QF (c:\\Users\\lucia\\.vscode\\extensions\\uqbar.wollok-lsp-ide-0.5.5\\out\\server\\src\\server.js:2430:7383)\n    at V3.invoke (c:\\Users\\lucia\\.vscode\\extensions\\uqbar.wollok-lsp-ide-0.5.5\\out\\server\\src\\server.js:3:157330)\n    at o.fire (c:\\Users\\lucia\\.vscode\\extensions\\uqbar.wollok-lsp-ide-0.5.5\\out\\server\\src\\server.js:3:158100)\n    at c:\\Users\\lucia\\.vscode\\extensions\\uqbar.wollok-lsp-ide-0.5.5\\out\\server\\src\\server.js:37:57488\n    at nd (c:\\Users\\lucia\\.vscode\\extensions\\uqbar.wollok-lsp-ide-0.5.5\\out\\server\\src\\server.js:8:1561)","timestamp":"2026-08-29T13:26:22.121Z"}
{"level":"info","message":"⌛ Validating practica.wlk","timeElapsed":129,"timestamp":"2026-08-29T13:26:22.251Z"}
{"level":"error","message":"✘ Updating environment failed Failed to parse counter-strike-3.wlk: \n-- PARSING FAILED --------------------------------------------------\n\n  162 |             armas.add(arma)\n  163 |             console.println(nombre + \" compró \" + arma + \" por $\" + precio)\n> 164 |         } else {\n      |         ^\n  165 |             console.println(nombre + \" no tiene suficiente dinero para \" + arma)\n  166 |         }\n\nExpected one of the following: \n\n'@', 'class', 'const', 'describe', 'mixin', 'object', 'only', 'package', 'program', 'test', 'var', '{', EOF, comment, not \"} \", whitespace\n","stack":"Error: Failed to parse counter-strike-3.wlk: \n-- PARSING FAILED --------------------------------------------------\n\n  162 |             armas.add(arma)\n  163 |             console.println(nombre + \" compró \" + arma + \" por $\" + precio)\n> 164 |         } else {\n      |         ^\n  165 |             console.println(nombre + \" no tiene suficiente dinero para \" + arma)\n  166 |         }\n\nExpected one of the following: \n\n'@', 'class', 'const', 'describe', 'mixin', 'object', 'only', 'package', 'program', 'test', 'var', '{', EOF, comment, not \"} \", whitespace\n\n    at c:\\Users\\lucia\\.vscode\\extensions\\uqbar.wollok-lsp-ide-0.5.5\\out\\server\\src\\server.js:2385:13026\n    at Array.map (<anonymous>)\n    at z1n (c:\\Users\\lucia\\.vscode\\extensions\\uqbar.wollok-lsp-ide-0.5.5\\out\\server\\src\\server.js:2385:12950)\n    at H2.buildEnvironmentFrom (c:\\Users\\lucia\\.vscode\\extensions\\uqbar.wollok-lsp-ide-0.5.5\\out\\server\\src\\server.js:2430:5254)\n    at H2.updateEnvironmentWith (c:\\Users\\lucia\\.vscode\\extensions\\uqbar.wollok-lsp-ide-0.5.5\\out\\server\\src\\server.js:2430:4989)\n    at Object.next (c:\\Users\\lucia\\.vscode\\extensions\\uqbar.wollok-lsp-ide-0.5.5\\out\\server\\src\\server.js:2430:7577)\n    at o.next (c:\\Users\\lucia\\.vscode\\extensions\\uqbar.wollok-lsp-ide-0.5.5\\out\\server\\src\\server.js:3:7333)\n    at n._next (c:\\Users\\lucia\\.vscode\\extensions\\uqbar.wollok-lsp-ide-0.5.5\\out\\server\\src\\server.js:3:6901)\n    at n.next (c:\\Users\\lucia\\.vscode\\extensions\\uqbar.wollok-lsp-ide-0.5.5\\out\\server\\src\\server.js:3:6485)\n    at c:\\Users\\lucia\\.vscode\\extensions\\uqbar.wollok-lsp-ide-0.5.5\\out\\server\\src\\server.js:3:18379","timestamp":"2026-08-29T13:26:22.354Z"}
{"level":"error","message":"✘ Updating environment failed Failed to parse counter-strike-3.wlk: \n-- PARSING FAILED --------------------------------------------------\n\n  162 |             armas.add(arma)\n  163 |             console.println(nombre + \" compró \" + arma + \" por $\" + precio)\n> 164 |         } else {\n      |         ^\n  165 |             console.println(nombre + \" no tiene suficiente dinero para \" + arma)\n  166 |         }\n\nExpected one of the following: \n\n'@', 'class', 'const', 'describe', 'mixin', 'object', 'only', 'package', 'program', 'test', 'var', '{', EOF, comment, not \"} \", whitespace\n","stack":"Error: Failed to parse counter-strike-3.wlk: \n-- PARSING FAILED --------------------------------------------------\n\n  162 |             armas.add(arma)\n  163 |             console.println(nombre + \" compró \" + arma + \" por $\" + precio)\n> 164 |         } else {\n      |         ^\n  165 |             console.println(nombre + \" no tiene suficiente dinero para \" + arma)\n  166 |         }\n\nExpected one of the following: \n\n'@', 'class', 'const', 'describe', 'mixin', 'object', 'only', 'package', 'program', 'test', 'var', '{', EOF, comment, not \"} \", whitespace\n\n    at c:\\Users\\lucia\\.vscode\\extensions\\uqbar.wollok-lsp-ide-0.5.5\\out\\server\\src\\server.js:2385:13026\n    at Array.map (<anonymous>)\n    at z1n (c:\\Users\\lucia\\.vscode\\extensions\\uqbar.wollok-lsp-ide-0.5.5\\out\\server\\src\\server.js:2385:12950)\n    at H2.buildEnvironmentFrom (c:\\Users\\lucia\\.vscode\\extensions\\uqbar.wollok-lsp-ide-0.5.5\\out\\server\\src\\server.js:2430:5254)\n    at H2.updateEnvironmentWith (c:\\Users\\lucia\\.vscode\\extensions\\uqbar.wollok-lsp-ide-0.5.5\\out\\server\\src\\server.js:2430:4989)\n    at Object.next (c:\\Users\\lucia\\.vscode\\extensions\\uqbar.wollok-lsp-ide-0.5.5\\out\\server\\src\\server.js:2430:7577)\n    at o.next (c:\\Users\\lucia\\.vscode\\extensions\\uqbar.wollok-lsp-ide-0.5.5\\out\\server\\src\\server.js:3:7333)\n    at n._next (c:\\Users\\lucia\\.vscode\\extensions\\uqbar.wollok-lsp-ide-0.5.5\\out\\server\\src\\server.js:3:6901)\n    at n.next (c:\\Users\\lucia\\.vscode\\extensions\\uqbar.wollok-lsp-ide-0.5.5\\out\\server\\src\\server.js:3:6485)\n    at c:\\Users\\lucia\\.vscode\\extensions\\uqbar.wollok-lsp-ide-0.5.5\\out\\server\\src\\server.js:3:18379","timestamp":"2026-08-29T13:27:28.587Z"}
{"level":"error","message":"✘ Updating environment failed Failed to parse counter-strike-3.wlk: \n-- PARSING FAILED --------------------------------------------------\n\n  162 |             armas.add(arma)\n  163 |             console.println(nombre + \" compró \" + arma + \" por $\" + precio)\n> 164 |         } else {\n      |         ^\n  165 |             console.println(nombre + \" no tiene suficiente dinero para \" + arma)\n  166 |         }\n\nExpected one of the following: \n\n'@', 'class', 'const', 'describe', 'mixin', 'object', 'only', 'package', 'program', 'test', 'var', '{', EOF, comment, not \"} \", whitespace\n","stack":"Error: Failed to parse counter-strike-3.wlk: \n-- PARSING FAILED --------------------------------------------------\n\n  162 |             armas.add(arma)\n  163 |             console.println(nombre + \" compró \" + arma + \" por $\" + precio)\n> 164 |         } else {\n      |         ^\n  165 |             console.println(nombre + \" no tiene suficiente dinero para \" + arma)\n  166 |         }\n\nExpected one of the following: \n\n'@', 'class', 'const', 'describe', 'mixin', 'object', 'only', 'package', 'program', 'test', 'var', '{', EOF, comment, not \"} \", whitespace\n\n    at c:\\Users\\lucia\\.vscode\\extensions\\uqbar.wollok-lsp-ide-0.5.5\\out\\server\\src\\server.js:2385:13026\n    at Array.map (<anonymous>)\n    at z1n (c:\\Users\\lucia\\.vscode\\extensions\\uqbar.wollok-lsp-ide-0.5.5\\out\\server\\src\\server.js:2385:12950)\n    at H2.buildEnvironmentFrom (c:\\Users\\lucia\\.vscode\\extensions\\uqbar.wollok-lsp-ide-0.5.5\\out\\server\\src\\server.js:2430:5254)\n    at H2.updateEnvironmentWith (c:\\Users\\lucia\\.vscode\\extensions\\uqbar.wollok-lsp-ide-0.5.5\\out\\server\\src\\server.js:2430:4989)\n    at Object.next (c:\\Users\\lucia\\.vscode\\extensions\\uqbar.wollok-lsp-ide-0.5.5\\out\\server\\src\\server.js:2430:7577)\n    at o.next (c:\\Users\\lucia\\.vscode\\extensions\\uqbar.wollok-lsp-ide-0.5.5\\out\\server\\src\\server.js:3:7333)\n    at n._next (c:\\Users\\lucia\\.vscode\\extensions\\uqbar.wollok-lsp-ide-0.5.5\\out\\server\\src\\server.js:3:6901)\n    at n.next (c:\\Users\\lucia\\.vscode\\extensions\\uqbar.wollok-lsp-ide-0.5.5\\out\\server\\src\\server.js:3:6485)\n    at c:\\Users\\lucia\\.vscode\\extensions\\uqbar.wollok-lsp-ide-0.5.5\\out\\server\\src\\server.js:3:18379","timestamp":"2026-08-29T13:27:29.307Z"}
{"level":"info","message":"⌛ Building environment","timeElapsed":283,"timestamp":"2026-08-29T13:28:07.029Z"}
{"level":"info","message":"⌛ Building environment","timeElapsed":374,"timestamp":"2026-08-29T13:28:07.408Z"}
{"level":"error","message":"✘ Failed to rebuild document Failed to parse counter-strike-3.wlk: \n-- PARSING FAILED --------------------------------------------------\n\n  162 |             armas.add(arma)\n  163 |             console.println(nombre + \" compró \" + arma + \" por $\" + precio)\n> 164 |         } else {\n      |         ^\n  165 |             console.println(nombre + \" no tiene suficiente dinero para \" + arma)\n  166 |         }\n\nExpected one of the following: \n\n'@', 'class', 'const', 'describe', 'mixin', 'object', 'only', 'package', 'program', 'test', 'var', '{', EOF, comment, not \"} \", whitespace\n","stack":"Error: Failed to parse counter-strike-3.wlk: \n-- PARSING FAILED --------------------------------------------------\n\n  162 |             armas.add(arma)\n  163 |             console.println(nombre + \" compró \" + arma + \" por $\" + precio)\n> 164 |         } else {\n      |         ^\n  165 |             console.println(nombre + \" no tiene suficiente dinero para \" + arma)\n  166 |         }\n\nExpected one of the following: \n\n'@', 'class', 'const', 'describe', 'mixin', 'object', 'only', 'package', 'program', 'test', 'var', '{', EOF, comment, not \"} \", whitespace\n\n    at c:\\Users\\lucia\\.vscode\\extensions\\uqbar.wollok-lsp-ide-0.5.5\\out\\server\\src\\server.js:2385:13026\n    at Array.map (<anonymous>)\n    at z1n (c:\\Users\\lucia\\.vscode\\extensions\\uqbar.wollok-lsp-ide-0.5.5\\out\\server\\src\\server.js:2385:12950)\n    at H2.buildEnvironmentFrom (c:\\Users\\lucia\\.vscode\\extensions\\uqbar.wollok-lsp-ide-0.5.5\\out\\server\\src\\server.js:2430:5254)\n    at H2.updateEnvironmentWith (c:\\Users\\lucia\\.vscode\\extensions\\uqbar.wollok-lsp-ide-0.5.5\\out\\server\\src\\server.js:2430:4989)\n    at QF (c:\\Users\\lucia\\.vscode\\extensions\\uqbar.wollok-lsp-ide-0.5.5\\out\\server\\src\\server.js:2430:7383)\n    at V3.invoke (c:\\Users\\lucia\\.vscode\\extensions\\uqbar.wollok-lsp-ide-0.5.5\\out\\server\\src\\server.js:3:157330)\n    at o.fire (c:\\Users\\lucia\\.vscode\\extensions\\uqbar.wollok-lsp-ide-0.5.5\\out\\server\\src\\server.js:3:158100)\n    at c:\\Users\\lucia\\.vscode\\extensions\\uqbar.wollok-lsp-ide-0.5.5\\out\\server\\src\\server.js:37:57488\n    at nd (c:\\Users\\lucia\\.vscode\\extensions\\uqbar.wollok-lsp-ide-0.5.5\\out\\server\\src\\server.js:8:1561)","timestamp":"2026-08-29T13:28:09.167Z"}
{"level":"info","message":"⌛ Validating practica.wlk","timeElapsed":481,"timestamp":"2026-08-29T13:28:09.673Z"}
{"level":"error","message":"✘ Updating environment failed Failed to parse counter-strike-3.wlk: \n-- PARSING FAILED --------------------------------------------------\n\n  162 |             armas.add(arma)\n  163 |             console.println(nombre + \" compró \" + arma + \" por $\" + precio)\n> 164 |         } else {\n      |         ^\n  165 |             console.println(nombre + \" no tiene suficiente dinero para \" + arma)\n  166 |         }\n\nExpected one of the following: \n\n'@', 'class', 'const', 'describe', 'mixin', 'object', 'only', 'package', 'program', 'test', 'var', '{', EOF, comment, not \"} \", whitespace\n","stack":"Error: Failed to parse counter-strike-3.wlk: \n-- PARSING FAILED --------------------------------------------------\n\n  162 |             armas.add(arma)\n  163 |             console.println(nombre + \" compró \" + arma + \" por $\" + precio)\n> 164 |         } else {\n      |         ^\n  165 |             console.println(nombre + \" no tiene suficiente dinero para \" + arma)\n  166 |         }\n\nExpected one of the following: \n\n'@', 'class', 'const', 'describe', 'mixin', 'object', 'only', 'package', 'program', 'test', 'var', '{', EOF, comment, not \"} \", whitespace\n\n    at c:\\Users\\lucia\\.vscode\\extensions\\uqbar.wollok-lsp-ide-0.5.5\\out\\server\\src\\server.js:2385:13026\n    at Array.map (<anonymous>)\n    at z1n (c:\\Users\\lucia\\.vscode\\extensions\\uqbar.wollok-lsp-ide-0.5.5\\out\\server\\src\\server.js:2385:12950)\n    at H2.buildEnvironmentFrom (c:\\Users\\lucia\\.vscode\\extensions\\uqbar.wollok-lsp-ide-0.5.5\\out\\server\\src\\server.js:2430:5254)\n    at H2.updateEnvironmentWith (c:\\Users\\lucia\\.vscode\\extensions\\uqbar.wollok-lsp-ide-0.5.5\\out\\server\\src\\server.js:2430:4989)\n    at Object.next (c:\\Users\\lucia\\.vscode\\extensions\\uqbar.wollok-lsp-ide-0.5.5\\out\\server\\src\\server.js:2430:7577)\n    at o.next (c:\\Users\\lucia\\.vscode\\extensions\\uqbar.wollok-lsp-ide-0.5.5\\out\\server\\src\\server.js:3:7333)\n    at n._next (c:\\Users\\lucia\\.vscode\\extensions\\uqbar.wollok-lsp-ide-0.5.5\\out\\server\\src\\server.js:3:6901)\n    at n.next (c:\\Users\\lucia\\.vscode\\extensions\\uqbar.wollok-lsp-ide-0.5.5\\out\\server\\src\\server.js:3:6485)\n    at c:\\Users\\lucia\\.vscode\\extensions\\uqbar.wollok-lsp-ide-0.5.5\\out\\server\\src\\server.js:3:18379","timestamp":"2026-08-29T13:28:09.951Z"}
{"level":"error","message":"✘ Updating environment failed Failed to parse counter-strike-3.wlk: \n-- PARSING FAILED --------------------------------------------------\n\n  162 |             armas.add(arma)\n  163 |             console.println(nombre + \" compró \" + arma + \" por $\" + precio)\n> 164 |         } else {\n      |         ^\n  165 |             console.println(nombre + \" no tiene suficiente dinero para \" + arma)\n  166 |         }\n\nExpected one of the following: \n\n'@', 'class', 'const', 'describe', 'mixin', 'object', 'only', 'package', 'program', 'test', 'var', '{', EOF, comment, not \"} \", whitespace\n","stack":"Error: Failed to parse counter-strike-3.wlk: \n-- PARSING FAILED --------------------------------------------------\n\n  162 |             armas.add(arma)\n  163 |             console.println(nombre + \" compró \" + arma + \" por $\" + precio)\n> 164 |         } else {\n      |         ^\n  165 |             console.println(nombre + \" no tiene suficiente dinero para \" + arma)\n  166 |         }\n\nExpected one of the following: \n\n'@', 'class', 'const', 'describe', 'mixin', 'object', 'only', 'package', 'program', 'test', 'var', '{', EOF, comment, not \"} \", whitespace\n\n    at c:\\Users\\lucia\\.vscode\\extensions\\uqbar.wollok-lsp-ide-0.5.5\\out\\server\\src\\server.js:2385:13026\n    at Array.map (<anonymous>)\n    at z1n (c:\\Users\\lucia\\.vscode\\extensions\\uqbar.wollok-lsp-ide-0.5.5\\out\\server\\src\\server.js:2385:12950)\n    at H2.buildEnvironmentFrom (c:\\Users\\lucia\\.vscode\\extensions\\uqbar.wollok-lsp-ide-0.5.5\\out\\server\\src\\server.js:2430:5254)\n    at H2.updateEnvironmentWith (c:\\Users\\lucia\\.vscode\\extensions\\uqbar.wollok-lsp-ide-0.5.5\\out\\server\\src\\server.js:2430:4989)\n    at Object.next (c:\\Users\\lucia\\.vscode\\extensions\\uqbar.wollok-lsp-ide-0.5.5\\out\\server\\src\\server.js:2430:7577)\n    at o.next (c:\\Users\\lucia\\.vscode\\extensions\\uqbar.wollok-lsp-ide-0.5.5\\out\\server\\src\\server.js:3:7333)\n    at n._next (c:\\Users\\lucia\\.vscode\\extensions\\uqbar.wollok-lsp-ide-0.5.5\\out\\server\\src\\server.js:3:6901)\n    at n.next (c:\\Users\\lucia\\.vscode\\extensions\\uqbar.wollok-lsp-ide-0.5.5\\out\\server\\src\\server.js:3:6485)\n    at c:\\Users\\lucia\\.vscode\\extensions\\uqbar.wollok-lsp-ide-0.5.5\\out\\server\\src\\server.js:3:18379","timestamp":"2026-08-29T13:30:59.610Z"}
{"level":"error","message":"✘ Updating environment failed Failed to parse counter-strike-3.wlk: \n-- PARSING FAILED --------------------------------------------------\n\n  162 |             armas.add(arma)\n  163 |             console.println(nombre + \" compró \" + arma + \" por $\" + precio)\n> 164 |         } else {\n      |         ^\n  165 |             console.println(nombre + \" no tiene suficiente dinero para \" + arma)\n  166 |         }\n\nExpected one of the following: \n\n'@', 'class', 'const', 'describe', 'mixin', 'object', 'only', 'package', 'program', 'test', 'var', '{', EOF, comment, not \"} \", whitespace\n","stack":"Error: Failed to parse counter-strike-3.wlk: \n-- PARSING FAILED --------------------------------------------------\n\n  162 |             armas.add(arma)\n  163 |             console.println(nombre + \" compró \" + arma + \" por $\" + precio)\n> 164 |         } else {\n      |         ^\n  165 |             console.println(nombre + \" no tiene suficiente dinero para \" + arma)\n  166 |         }\n\nExpected one of the following: \n\n'@', 'class', 'const', 'describe', 'mixin', 'object', 'only', 'package', 'program', 'test', 'var', '{', EOF, comment, not \"} \", whitespace\n\n    at c:\\Users\\lucia\\.vscode\\extensions\\uqbar.wollok-lsp-ide-0.5.5\\out\\server\\src\\server.js:2385:13026\n    at Array.map (<anonymous>)\n    at z1n (c:\\Users\\lucia\\.vscode\\extensions\\uqbar.wollok-lsp-ide-0.5.5\\out\\server\\src\\server.js:2385:12950)\n    at H2.buildEnvironmentFrom (c:\\Users\\lucia\\.vscode\\extensions\\uqbar.wollok-lsp-ide-0.5.5\\out\\server\\src\\server.js:2430:5254)\n    at H2.updateEnvironmentWith (c:\\Users\\lucia\\.vscode\\extensions\\uqbar.wollok-lsp-ide-0.5.5\\out\\server\\src\\server.js:2430:4989)\n    at Object.next (c:\\Users\\lucia\\.vscode\\extensions\\uqbar.wollok-lsp-ide-0.5.5\\out\\server\\src\\server.js:2430:7577)\n    at o.next (c:\\Users\\lucia\\.vscode\\extensions\\uqbar.wollok-lsp-ide-0.5.5\\out\\server\\src\\server.js:3:7333)\n    at n._next (c:\\Users\\lucia\\.vscode\\extensions\\uqbar.wollok-lsp-ide-0.5.5\\out\\server\\src\\server.js:3:6901)\n    at n.next (c:\\Users\\lucia\\.vscode\\extensions\\uqbar.wollok-lsp-ide-0.5.5\\out\\server\\src\\server.js:3:6485)\n    at c:\\Users\\lucia\\.vscode\\extensions\\uqbar.wollok-lsp-ide-0.5.5\\out\\server\\src\\server.js:3:18379","timestamp":"2026-08-29T13:31:00.481Z"}
{"error":["Error: Failed to parse counter-strike-3.wlk: ","-- PARSING FAILED --------------------------------------------------","  162 |     armas.add(arma)","  163 |     console.println(nombre + \" compró \" + arma + \" por $\" + precio)","> 164 |    } else {","   |    ^","  165 |     console.println(nombre + \" no tiene suficiente dinero para \" + arma)","  166 |    }","Expected one of the following: ","'@', 'class', 'const', 'describe', 'mixin', 'object', 'only', 'package', 'program', 'test', 'var', '{', EOF, comment, not \"} \", whitespace","  at C:\\Users\\lucia\\AppData\\Roaming\\npm\\node_modules\\wollok-ts-cli\\node_modules\\wollok-ts\\dist\\index.js:56:19","  at Array.map (<anonymous>)","  at buildEnvironment (C:\\Users\\lucia\\AppData\\Roaming\\npm\\node_modules\\wollok-ts-cli\\node_modules\\wollok-ts\\dist\\index.js:51:40)","  at buildEnvironmentForProject (file:///C:/Users/lucia/AppData/Roaming/npm/node_modules/wollok-ts-cli/dist/src/utils.js:95:16)","  at async buildEnvironmentCommand (file:///C:/Users/lucia/AppData/Roaming/npm/node_modules/wollok-ts-cli/dist/src/utils.js:135:25)","  at async initializeInterpreter (file:///C:/Users/lucia/AppData/Roaming/npm/node_modules/wollok-ts-cli/dist/src/commands/repl.js:97:23)","  at async replFn (file:///C:/Users/lucia/AppData/Roaming/npm/node_modules/wollok-ts-cli/dist/src/commands/repl.js:25:23"],"level":"info","message":"🖥️ REPL execution - build failed for c:\\Users\\lucia\\Desktop\\UTN\\pdp\\pdp-practica-wollok","ok":false,"timeElapsed":347,"timestamp":"2026-08-29T13:31:04.641Z"}
{"level":"info","message":"⌛ Building environment","timeElapsed":225,"timestamp":"2026-08-29T13:31:20.383Z"}
{"level":"info","message":"⌛ Validating practica.wlk","timeElapsed":157,"timestamp":"2026-08-29T13:31:20.546Z"}
{"level":"info","message":"⌛ Building environment","timeElapsed":280,"timestamp":"2026-08-29T13:31:26.892Z"}
{"level":"info","message":"⌛ Validating practica.wlk","timeElapsed":238,"timestamp":"2026-08-29T13:31:27.201Z"}
{"error":["Error: Failed to parse counter-strike-3.wlk: ","-- PARSING FAILED --------------------------------------------------","  162 |     armas.add(arma)","  163 |     console.println(nombre + \" compró \" + arma + \" por $\" + precio)","> 164 |    } else {","   |    ^","  165 |     console.println(nombre + \" no tiene suficiente dinero para \" + arma)","  166 |    }","Expected one of the following: ","'@', 'class', 'const', 'describe', 'mixin', 'object', 'only', 'package', 'program', 'test', 'var', '{', EOF, comment, not \"} \", whitespace","  at C:\\Users\\lucia\\AppData\\Roaming\\npm\\node_modules\\wollok-ts-cli\\node_modules\\wollok-ts\\dist\\index.js:56:19","  at Array.map (<anonymous>)","  at buildEnvironment (C:\\Users\\lucia\\AppData\\Roaming\\npm\\node_modules\\wollok-ts-cli\\node_modules\\wollok-ts\\dist\\index.js:51:40)","  at buildEnvironmentForProject (file:///C:/Users/lucia/AppData/Roaming/npm/node_modules/wollok-ts-cli/dist/src/utils.js:95:16)","  at async buildEnvironmentCommand (file:///C:/Users/lucia/AppData/Roaming/npm/node_modules/wollok-ts-cli/dist/src/utils.js:135:25)","  at async initializeInterpreter (file:///C:/Users/lucia/AppData/Roaming/npm/node_modules/wollok-ts-cli/dist/src/commands/repl.js:97:23)","  at async replFn (file:///C:/Users/lucia/AppData/Roaming/npm/node_modules/wollok-ts-cli/dist/src/commands/repl.js:25:23"],"level":"info","message":"🖥️ REPL execution - build failed for c:\\Users\\lucia\\Desktop\\UTN\\pdp\\pdp-practica-wollok","ok":false,"timeElapsed":282,"timestamp":"2026-08-29T13:31:39.418Z"}
{"level":"info","message":"⌛ Building environment","timeElapsed":207,"timestamp":"2026-08-29T13:32:06.180Z"}
{"level":"info","message":"⌛ Validating practica2.wlk","timeElapsed":378,"timestamp":"2026-08-29T13:32:06.685Z"}
{"level":"info","message":"⌛ Building environment","timeElapsed":241,"timestamp":"2026-08-29T14:54:22.976Z"}
{"level":"info","message":"⌛ Building environment","timeElapsed":106,"timestamp":"2026-08-29T14:54:23.085Z"}
{"level":"info","message":"⌛ Building environment","timeElapsed":344,"timestamp":"2026-08-29T14:54:25.649Z"}
{"level":"error","message":"✘ Failed to rebuild document Failed to parse counter-strike-3.wlk: \n-- PARSING FAILED --------------------------------------------------\n\n  162 |             armas.add(arma)\n  163 |             console.println(nombre + \" compró \" + arma + \" por $\" + precio)\n> 164 |         } else {\n      |         ^\n  165 |             console.println(nombre + \" no tiene suficiente dinero para \" + arma)\n  166 |         }\n\nExpected one of the following: \n\n'@', 'class', 'const', 'describe', 'mixin', 'object', 'only', 'package', 'program', 'test', 'var', '{', EOF, comment, not \"} \", whitespace\n","stack":"Error: Failed to parse counter-strike-3.wlk: \n-- PARSING FAILED --------------------------------------------------\n\n  162 |             armas.add(arma)\n  163 |             console.println(nombre + \" compró \" + arma + \" por $\" + precio)\n> 164 |         } else {\n      |         ^\n  165 |             console.println(nombre + \" no tiene suficiente dinero para \" + arma)\n  166 |         }\n\nExpected one of the following: \n\n'@', 'class', 'const', 'describe', 'mixin', 'object', 'only', 'package', 'program', 'test', 'var', '{', EOF, comment, not \"} \", whitespace\n\n    at c:\\Users\\lucia\\.vscode\\extensions\\uqbar.wollok-lsp-ide-0.5.5\\out\\server\\src\\server.js:2385:13026\n    at Array.map (<anonymous>)\n    at z1n (c:\\Users\\lucia\\.vscode\\extensions\\uqbar.wollok-lsp-ide-0.5.5\\out\\server\\src\\server.js:2385:12950)\n    at H2.buildEnvironmentFrom (c:\\Users\\lucia\\.vscode\\extensions\\uqbar.wollok-lsp-ide-0.5.5\\out\\server\\src\\server.js:2430:5254)\n    at H2.updateEnvironmentWith (c:\\Users\\lucia\\.vscode\\extensions\\uqbar.wollok-lsp-ide-0.5.5\\out\\server\\src\\server.js:2430:4989)\n    at QF (c:\\Users\\lucia\\.vscode\\extensions\\uqbar.wollok-lsp-ide-0.5.5\\out\\server\\src\\server.js:2430:7383)\n    at V3.invoke (c:\\Users\\lucia\\.vscode\\extensions\\uqbar.wollok-lsp-ide-0.5.5\\out\\server\\src\\server.js:3:157330)\n    at o.fire (c:\\Users\\lucia\\.vscode\\extensions\\uqbar.wollok-lsp-ide-0.5.5\\out\\server\\src\\server.js:3:158100)\n    at c:\\Users\\lucia\\.vscode\\extensions\\uqbar.wollok-lsp-ide-0.5.5\\out\\server\\src\\server.js:37:57488\n    at nd (c:\\Users\\lucia\\.vscode\\extensions\\uqbar.wollok-lsp-ide-0.5.5\\out\\server\\src\\server.js:8:1561)","timestamp":"2026-08-29T14:54:25.734Z"}
{"level":"info","message":"⌛ Validating practica2.wlk","timeElapsed":215,"timestamp":"2026-08-29T14:54:26.074Z"}
{"level":"error","message":"✘ Updating environment failed Failed to parse counter-strike-3.wlk: \n-- PARSING FAILED --------------------------------------------------\n\n  162 |             armas.add(arma)\n  163 |             console.println(nombre + \" compró \" + arma + \" por $\" + precio)\n> 164 |         } else {\n      |         ^\n  165 |             console.println(nombre + \" no tiene suficiente dinero para \" + arma)\n  166 |         }\n\nExpected one of the following: \n\n'@', 'class', 'const', 'describe', 'mixin', 'object', 'only', 'package', 'program', 'test', 'var', '{', EOF, comment, not \"} \", whitespace\n","stack":"Error: Failed to parse counter-strike-3.wlk: \n-- PARSING FAILED --------------------------------------------------\n\n  162 |             armas.add(arma)\n  163 |             console.println(nombre + \" compró \" + arma + \" por $\" + precio)\n> 164 |         } else {\n      |         ^\n  165 |             console.println(nombre + \" no tiene suficiente dinero para \" + arma)\n  166 |         }\n\nExpected one of the following: \n\n'@', 'class', 'const', 'describe', 'mixin', 'object', 'only', 'package', 'program', 'test', 'var', '{', EOF, comment, not \"} \", whitespace\n\n    at c:\\Users\\lucia\\.vscode\\extensions\\uqbar.wollok-lsp-ide-0.5.5\\out\\server\\src\\server.js:2385:13026\n    at Array.map (<anonymous>)\n    at z1n (c:\\Users\\lucia\\.vscode\\extensions\\uqbar.wollok-lsp-ide-0.5.5\\out\\server\\src\\server.js:2385:12950)\n    at H2.buildEnvironmentFrom (c:\\Users\\lucia\\.vscode\\extensions\\uqbar.wollok-lsp-ide-0.5.5\\out\\server\\src\\server.js:2430:5254)\n    at H2.updateEnvironmentWith (c:\\Users\\lucia\\.vscode\\extensions\\uqbar.wollok-lsp-ide-0.5.5\\out\\server\\src\\server.js:2430:4989)\n    at Object.next (c:\\Users\\lucia\\.vscode\\extensions\\uqbar.wollok-lsp-ide-0.5.5\\out\\server\\src\\server.js:2430:7577)\n    at o.next (c:\\Users\\lucia\\.vscode\\extensions\\uqbar.wollok-lsp-ide-0.5.5\\out\\server\\src\\server.js:3:7333)\n    at n._next (c:\\Users\\lucia\\.vscode\\extensions\\uqbar.wollok-lsp-ide-0.5.5\\out\\server\\src\\server.js:3:6901)\n    at n.next (c:\\Users\\lucia\\.vscode\\extensions\\uqbar.wollok-lsp-ide-0.5.5\\out\\server\\src\\server.js:3:6485)\n    at c:\\Users\\lucia\\.vscode\\extensions\\uqbar.wollok-lsp-ide-0.5.5\\out\\server\\src\\server.js:3:18379","timestamp":"2026-08-29T14:54:26.311Z"}
{"level":"error","message":"✘ Updating environment failed Failed to parse counter-strike-3.wlk: \n-- PARSING FAILED --------------------------------------------------\n\n  162 |             armas.add(arma)\n  163 |             console.println(nombre + \" compró \" + arma + \" por $\" + precio)\n> 164 |         } else {\n      |         ^\n  165 |             console.println(nombre + \" no tiene suficiente dinero para \" + arma)\n  166 |         }\n\nExpected one of the following: \n\n'@', 'class', 'const', 'describe', 'mixin', 'object', 'only', 'package', 'program', 'test', 'var', '{', EOF, comment, not \"} \", whitespace\n","stack":"Error: Failed to parse counter-strike-3.wlk: \n-- PARSING FAILED --------------------------------------------------\n\n  162 |             armas.add(arma)\n  163 |             console.println(nombre + \" compró \" + arma + \" por $\" + precio)\n> 164 |         } else {\n      |         ^\n  165 |             console.println(nombre + \" no tiene suficiente dinero para \" + arma)\n  166 |         }\n\nExpected one of the following: \n\n'@', 'class', 'const', 'describe', 'mixin', 'object', 'only', 'package', 'program', 'test', 'var', '{', EOF, comment, not \"} \", whitespace\n\n    at c:\\Users\\lucia\\.vscode\\extensions\\uqbar.wollok-lsp-ide-0.5.5\\out\\server\\src\\server.js:2385:13026\n    at Array.map (<anonymous>)\n    at z1n (c:\\Users\\lucia\\.vscode\\extensions\\uqbar.wollok-lsp-ide-0.5.5\\out\\server\\src\\server.js:2385:12950)\n    at H2.buildEnvironmentFrom (c:\\Users\\lucia\\.vscode\\extensions\\uqbar.wollok-lsp-ide-0.5.5\\out\\server\\src\\server.js:2430:5254)\n    at H2.updateEnvironmentWith (c:\\Users\\lucia\\.vscode\\extensions\\uqbar.wollok-lsp-ide-0.5.5\\out\\server\\src\\server.js:2430:4989)\n    at Object.next (c:\\Users\\lucia\\.vscode\\extensions\\uqbar.wollok-lsp-ide-0.5.5\\out\\server\\src\\server.js:2430:7577)\n    at o.next (c:\\Users\\lucia\\.vscode\\extensions\\uqbar.wollok-lsp-ide-0.5.5\\out\\server\\src\\server.js:3:7333)\n    at n._next (c:\\Users\\lucia\\.vscode\\extensions\\uqbar.wollok-lsp-ide-0.5.5\\out\\server\\src\\server.js:3:6901)\n    at n.next (c:\\Users\\lucia\\.vscode\\extensions\\uqbar.wollok-lsp-ide-0.5.5\\out\\server\\src\\server.js:3:6485)\n    at c:\\Users\\lucia\\.vscode\\extensions\\uqbar.wollok-lsp-ide-0.5.5\\out\\server\\src\\server.js:3:18379","timestamp":"2026-08-29T14:54:26.788Z"}
{"level":"info","message":"⌛ Validating practica.wlk","timeElapsed":263,"timestamp":"2026-08-29T14:54:27.140Z"}
{"level":"error","message":"✘ Could not produce symbols: document file:///c%3A/Users/lucia/Desktop/UTN/pdp/pdp-practica-wollok/counter-strike-3.wlk not found","timestamp":"2026-08-29T14:55:42.387Z"}
{"level":"error","message":"✘ Could not produce symbols: document file:///c%3A/Users/lucia/Desktop/UTN/pdp/pdp-practica-wollok/counter-strike-3.wlk not found","timestamp":"2026-08-29T14:55:42.654Z"}
{"level":"error","message":"✘ Updating environment failed Failed to parse counter-strike-3.wlk: \n-- PARSING FAILED --------------------------------------------------\n\n  162 |             armas.add(arma)\n  163 |             console.println(nombre + \" compró \" + arma + \" por $\" + precio)\n> 164 |         } else {\n      |         ^\n  165 |             console.println(nombre + \" no tiene suficiente dinero para \" + arma)\n  166 |         }\n\nExpected one of the following: \n\n'@', 'class', 'const', 'describe', 'mixin', 'object', 'only', 'package', 'program', 'test', 'var', '{', EOF, comment, not \"} \", whitespace\n","stack":"Error: Failed to parse counter-strike-3.wlk: \n-- PARSING FAILED --------------------------------------------------\n\n  162 |             armas.add(arma)\n  163 |             console.println(nombre + \" compró \" + arma + \" por $\" + precio)\n> 164 |         } else {\n      |         ^\n  165 |             console.println(nombre + \" no tiene suficiente dinero para \" + arma)\n  166 |         }\n\nExpected one of the following: \n\n'@', 'class', 'const', 'describe', 'mixin', 'object', 'only', 'package', 'program', 'test', 'var', '{', EOF, comment, not \"} \", whitespace\n\n    at c:\\Users\\lucia\\.vscode\\extensions\\uqbar.wollok-lsp-ide-0.5.5\\out\\server\\src\\server.js:2385:13026\n    at Array.map (<anonymous>)\n    at z1n (c:\\Users\\lucia\\.vscode\\extensions\\uqbar.wollok-lsp-ide-0.5.5\\out\\server\\src\\server.js:2385:12950)\n    at H2.buildEnvironmentFrom (c:\\Users\\lucia\\.vscode\\extensions\\uqbar.wollok-lsp-ide-0.5.5\\out\\server\\src\\server.js:2430:5254)\n    at H2.updateEnvironmentWith (c:\\Users\\lucia\\.vscode\\extensions\\uqbar.wollok-lsp-ide-0.5.5\\out\\server\\src\\server.js:2430:4989)\n    at Object.next (c:\\Users\\lucia\\.vscode\\extensions\\uqbar.wollok-lsp-ide-0.5.5\\out\\server\\src\\server.js:2430:7577)\n    at o.next (c:\\Users\\lucia\\.vscode\\extensions\\uqbar.wollok-lsp-ide-0.5.5\\out\\server\\src\\server.js:3:7333)\n    at n._next (c:\\Users\\lucia\\.vscode\\extensions\\uqbar.wollok-lsp-ide-0.5.5\\out\\server\\src\\server.js:3:6901)\n    at n.next (c:\\Users\\lucia\\.vscode\\extensions\\uqbar.wollok-lsp-ide-0.5.5\\out\\server\\src\\server.js:3:6485)\n    at c:\\Users\\lucia\\.vscode\\extensions\\uqbar.wollok-lsp-ide-0.5.5\\out\\server\\src\\server.js:3:18379","timestamp":"2026-08-29T14:55:45.568Z"}
{"level":"error","message":"✘ Updating environment failed Failed to parse counter-strike-3.wlk: \n-- PARSING FAILED --------------------------------------------------\n\n  162 |             armas.add(arma)\n  163 |             console.println(nombre + \" compró \" + arma + \" por $\" + precio)\n> 164 |         } else {\n      |         ^\n  165 |             console.println(nombre + \" no tiene suficiente dinero para \" + arma)\n  166 |         }\n\nExpected one of the following: \n\n'@', 'class', 'const', 'describe', 'mixin', 'object', 'only', 'package', 'program', 'test', 'var', '{', EOF, comment, not \"} \", whitespace\n","stack":"Error: Failed to parse counter-strike-3.wlk: \n-- PARSING FAILED --------------------------------------------------\n\n  162 |             armas.add(arma)\n  163 |             console.println(nombre + \" compró \" + arma + \" por $\" + precio)\n> 164 |         } else {\n      |         ^\n  165 |             console.println(nombre + \" no tiene suficiente dinero para \" + arma)\n  166 |         }\n\nExpected one of the following: \n\n'@', 'class', 'const', 'describe', 'mixin', 'object', 'only', 'package', 'program', 'test', 'var', '{', EOF, comment, not \"} \", whitespace\n\n    at c:\\Users\\lucia\\.vscode\\extensions\\uqbar.wollok-lsp-ide-0.5.5\\out\\server\\src\\server.js:2385:13026\n    at Array.map (<anonymous>)\n    at z1n (c:\\Users\\lucia\\.vscode\\extensions\\uqbar.wollok-lsp-ide-0.5.5\\out\\server\\src\\server.js:2385:12950)\n    at H2.buildEnvironmentFrom (c:\\Users\\lucia\\.vscode\\extensions\\uqbar.wollok-lsp-ide-0.5.5\\out\\server\\src\\server.js:2430:5254)\n    at H2.updateEnvironmentWith (c:\\Users\\lucia\\.vscode\\extensions\\uqbar.wollok-lsp-ide-0.5.5\\out\\server\\src\\server.js:2430:4989)\n    at Object.next (c:\\Users\\lucia\\.vscode\\extensions\\uqbar.wollok-lsp-ide-0.5.5\\out\\server\\src\\server.js:2430:7577)\n    at o.next (c:\\Users\\lucia\\.vscode\\extensions\\uqbar.wollok-lsp-ide-0.5.5\\out\\server\\src\\server.js:3:7333)\n    at n._next (c:\\Users\\lucia\\.vscode\\extensions\\uqbar.wollok-lsp-ide-0.5.5\\out\\server\\src\\server.js:3:6901)\n    at n.next (c:\\Users\\lucia\\.vscode\\extensions\\uqbar.wollok-lsp-ide-0.5.5\\out\\server\\src\\server.js:3:6485)\n    at c:\\Users\\lucia\\.vscode\\extensions\\uqbar.wollok-lsp-ide-0.5.5\\out\\server\\src\\server.js:3:18379","timestamp":"2026-08-29T14:55:46.351Z"}
{"error":["Error: Failed to parse counter-strike-3.wlk: ","-- PARSING FAILED --------------------------------------------------","  162 |     armas.add(arma)","  163 |     console.println(nombre + \" compró \" + arma + \" por $\" + precio)","> 164 |    } else {","   |    ^","  165 |     console.println(nombre + \" no tiene suficiente dinero para \" + arma)","  166 |    }","Expected one of the following: ","'@', 'class', 'const', 'describe', 'mixin', 'object', 'only', 'package', 'program', 'test', 'var', '{', EOF, comment, not \"} \", whitespace","  at C:\\Users\\lucia\\AppData\\Roaming\\npm\\node_modules\\wollok-ts-cli\\node_modules\\wollok-ts\\dist\\index.js:56:19","  at Array.map (<anonymous>)","  at buildEnvironment (C:\\Users\\lucia\\AppData\\Roaming\\npm\\node_modules\\wollok-ts-cli\\node_modules\\wollok-ts\\dist\\index.js:51:40)","  at buildEnvironmentForProject (file:///C:/Users/lucia/AppData/Roaming/npm/node_modules/wollok-ts-cli/dist/src/utils.js:95:16)","  at async buildEnvironmentCommand (file:///C:/Users/lucia/AppData/Roaming/npm/node_modules/wollok-ts-cli/dist/src/utils.js:135:25)","  at async initializeInterpreter (file:///C:/Users/lucia/AppData/Roaming/npm/node_modules/wollok-ts-cli/dist/src/commands/repl.js:97:23)","  at async replFn (file:///C:/Users/lucia/AppData/Roaming/npm/node_modules/wollok-ts-cli/dist/src/commands/repl.js:25:23"],"level":"info","message":"🖥️ REPL execution - build failed for c:\\Users\\lucia\\Desktop\\UTN\\pdp\\pdp-practica-wollok","ok":false,"timeElapsed":292,"timestamp":"2026-08-29T14:55:48.974Z"}
{"level":"error","message":"✘ Could not produce symbols: document file:///c%3A/Users/lucia/Desktop/UTN/pdp/pdp-practica-wollok/counter-strike-3.wlk not found","timestamp":"2026-08-29T14:55:56.116Z"}
{"level":"error","message":"✘ Failed to rebuild document Failed to parse counter-strike-3.wlk: \n-- PARSING FAILED --------------------------------------------------\n\n  162 |             armas.add(arma)\n  163 |             console.println(nombre + \" compró \" + arma + \" por $\" + precio)\n> 164 |         } else {\n      |         ^\n  165 |             console.println(nombre + \" no tiene suficiente dinero para \" + arma)\n  166 |         }\n\nExpected one of the following: \n\n'@', 'class', 'const', 'describe', 'mixin', 'object', 'only', 'package', 'program', 'test', 'var', '{', EOF, comment, not \"} \", whitespace\n","stack":"Error: Failed to parse counter-strike-3.wlk: \n-- PARSING FAILED --------------------------------------------------\n\n  162 |             armas.add(arma)\n  163 |             console.println(nombre + \" compró \" + arma + \" por $\" + precio)\n> 164 |         } else {\n      |         ^\n  165 |             console.println(nombre + \" no tiene suficiente dinero para \" + arma)\n  166 |         }\n\nExpected one of the following: \n\n'@', 'class', 'const', 'describe', 'mixin', 'object', 'only', 'package', 'program', 'test', 'var', '{', EOF, comment, not \"} \", whitespace\n\n    at c:\\Users\\lucia\\.vscode\\extensions\\uqbar.wollok-lsp-ide-0.5.5\\out\\server\\src\\server.js:2385:13026\n    at Array.map (<anonymous>)\n    at z1n (c:\\Users\\lucia\\.vscode\\extensions\\uqbar.wollok-lsp-ide-0.5.5\\out\\server\\src\\server.js:2385:12950)\n    at H2.buildEnvironmentFrom (c:\\Users\\lucia\\.vscode\\extensions\\uqbar.wollok-lsp-ide-0.5.5\\out\\server\\src\\server.js:2430:5254)\n    at H2.updateEnvironmentWith (c:\\Users\\lucia\\.vscode\\extensions\\uqbar.wollok-lsp-ide-0.5.5\\out\\server\\src\\server.js:2430:4989)\n    at QF (c:\\Users\\lucia\\.vscode\\extensions\\uqbar.wollok-lsp-ide-0.5.5\\out\\server\\src\\server.js:2430:7383)\n    at V3.invoke (c:\\Users\\lucia\\.vscode\\extensions\\uqbar.wollok-lsp-ide-0.5.5\\out\\server\\src\\server.js:3:157330)\n    at o.fire (c:\\Users\\lucia\\.vscode\\extensions\\uqbar.wollok-lsp-ide-0.5.5\\out\\server\\src\\server.js:3:158100)\n    at c:\\Users\\lucia\\.vscode\\extensions\\uqbar.wollok-lsp-ide-0.5.5\\out\\server\\src\\server.js:37:57871\n    at nd (c:\\Users\\lucia\\.vscode\\extensions\\uqbar.wollok-lsp-ide-0.5.5\\out\\server\\src\\server.js:8:1561)","timestamp":"2026-08-29T14:55:59.161Z"}
{"level":"error","message":"✘ Could not produce symbols: document file:///c%3A/Users/lucia/Desktop/UTN/pdp/pdp-practica-wollok/counter-strike-3.wlk not found","timestamp":"2026-08-29T14:55:59.447Z"}
{"level":"error","message":"✘ Could not produce symbols: document file:///c%3A/Users/lucia/Desktop/UTN/pdp/pdp-practica-wollok/counter-strike-3.wlk not found","timestamp":"2026-08-29T14:55:59.477Z"}
{"level":"error","message":"✘ Failed to rebuild document Failed to parse counter-strike-3.wlk: \n-- PARSING FAILED --------------------------------------------------\n\n  162 |             armas.add(arma)\n  163 |             console.println(nombre + \" compró \" + arma + \" por $\" + precio)\n> 164 |         } else {\n      |         ^\n  165 |             console.println(nombre + \" no tiene suficiente dinero para \" + arma)\n  166 |         }\n\nExpected one of the following: \n\n'@', 'class', 'const', 'describe', 'mixin', 'object', 'only', 'package', 'program', 'test', 'var', '{', EOF, comment, not \"} \", whitespace\n","stack":"Error: Failed to parse counter-strike-3.wlk: \n-- PARSING FAILED --------------------------------------------------\n\n  162 |             armas.add(arma)\n  163 |             console.println(nombre + \" compró \" + arma + \" por $\" + precio)\n> 164 |         } else {\n      |         ^\n  165 |             console.println(nombre + \" no tiene suficiente dinero para \" + arma)\n  166 |         }\n\nExpected one of the following: \n\n'@', 'class', 'const', 'describe', 'mixin', 'object', 'only', 'package', 'program', 'test', 'var', '{', EOF, comment, not \"} \", whitespace\n\n    at c:\\Users\\lucia\\.vscode\\extensions\\uqbar.wollok-lsp-ide-0.5.5\\out\\server\\src\\server.js:2385:13026\n    at Array.map (<anonymous>)\n    at z1n (c:\\Users\\lucia\\.vscode\\extensions\\uqbar.wollok-lsp-ide-0.5.5\\out\\server\\src\\server.js:2385:12950)\n    at H2.buildEnvironmentFrom (c:\\Users\\lucia\\.vscode\\extensions\\uqbar.wollok-lsp-ide-0.5.5\\out\\server\\src\\server.js:2430:5254)\n    at H2.updateEnvironmentWith (c:\\Users\\lucia\\.vscode\\extensions\\uqbar.wollok-lsp-ide-0.5.5\\out\\server\\src\\server.js:2430:4989)\n    at QF (c:\\Users\\lucia\\.vscode\\extensions\\uqbar.wollok-lsp-ide-0.5.5\\out\\server\\src\\server.js:2430:7383)\n    at V3.invoke (c:\\Users\\lucia\\.vscode\\extensions\\uqbar.wollok-lsp-ide-0.5.5\\out\\server\\src\\server.js:3:157330)\n    at o.fire (c:\\Users\\lucia\\.vscode\\extensions\\uqbar.wollok-lsp-ide-0.5.5\\out\\server\\src\\server.js:3:158100)\n    at c:\\Users\\lucia\\.vscode\\extensions\\uqbar.wollok-lsp-ide-0.5.5\\out\\server\\src\\server.js:37:57871\n    at nd (c:\\Users\\lucia\\.vscode\\extensions\\uqbar.wollok-lsp-ide-0.5.5\\out\\server\\src\\server.js:8:1561)","timestamp":"2026-08-29T14:56:00.012Z"}
{"level":"error","message":"✘ Could not produce symbols: document file:///c%3A/Users/lucia/Desktop/UTN/pdp/pdp-practica-wollok/counter-strike-3.wlk not found","timestamp":"2026-08-29T14:56:00.274Z"}
{"level":"error","message":"✘ Could not produce symbols: document file:///c%3A/Users/lucia/Desktop/UTN/pdp/pdp-practica-wollok/counter-strike-3.wlk not found","timestamp":"2026-08-29T14:56:00.290Z"}
{"level":"error","message":"✘ Failed to rebuild document Failed to parse counter-strike-3.wlk: \n-- PARSING FAILED --------------------------------------------------\n\n  162 |             armas.add(arma)\n  163 |             console.println(nombre + \" compró \" + arma + \" por $\" + precio)\n> 164 |         } else {\n      |         ^\n  165 |             console.println(nombre + \" no tiene suficiente dinero para \" + arma)\n  166 |         }\n\nExpected one of the following: \n\n'@', 'class', 'const', 'describe', 'mixin', 'object', 'only', 'package', 'program', 'test', 'var', '{', EOF, comment, not \"} \", whitespace\n","stack":"Error: Failed to parse counter-strike-3.wlk: \n-- PARSING FAILED --------------------------------------------------\n\n  162 |             armas.add(arma)\n  163 |             console.println(nombre + \" compró \" + arma + \" por $\" + precio)\n> 164 |         } else {\n      |         ^\n  165 |             console.println(nombre + \" no tiene suficiente dinero para \" + arma)\n  166 |         }\n\nExpected one of the following: \n\n'@', 'class', 'const', 'describe', 'mixin', 'object', 'only', 'package', 'program', 'test', 'var', '{', EOF, comment, not \"} \", whitespace\n\n    at c:\\Users\\lucia\\.vscode\\extensions\\uqbar.wollok-lsp-ide-0.5.5\\out\\server\\src\\server.js:2385:13026\n    at Array.map (<anonymous>)\n    at z1n (c:\\Users\\lucia\\.vscode\\extensions\\uqbar.wollok-lsp-ide-0.5.5\\out\\server\\src\\server.js:2385:12950)\n    at H2.buildEnvironmentFrom (c:\\Users\\lucia\\.vscode\\extensions\\uqbar.wollok-lsp-ide-0.5.5\\out\\server\\src\\server.js:2430:5254)\n    at H2.updateEnvironmentWith (c:\\Users\\lucia\\.vscode\\extensions\\uqbar.wollok-lsp-ide-0.5.5\\out\\server\\src\\server.js:2430:4989)\n    at QF (c:\\Users\\lucia\\.vscode\\extensions\\uqbar.wollok-lsp-ide-0.5.5\\out\\server\\src\\server.js:2430:7383)\n    at V3.invoke (c:\\Users\\lucia\\.vscode\\extensions\\uqbar.wollok-lsp-ide-0.5.5\\out\\server\\src\\server.js:3:157330)\n    at o.fire (c:\\Users\\lucia\\.vscode\\extensions\\uqbar.wollok-lsp-ide-0.5.5\\out\\server\\src\\server.js:3:158100)\n    at c:\\Users\\lucia\\.vscode\\extensions\\uqbar.wollok-lsp-ide-0.5.5\\out\\server\\src\\server.js:37:57871\n    at nd (c:\\Users\\lucia\\.vscode\\extensions\\uqbar.wollok-lsp-ide-0.5.5\\out\\server\\src\\server.js:8:1561)","timestamp":"2026-08-29T14:56:00.431Z"}
{"level":"error","message":"✘ Could not produce symbols: document file:///c%3A/Users/lucia/Desktop/UTN/pdp/pdp-practica-wollok/counter-strike-3.wlk not found","timestamp":"2026-08-29T14:56:00.728Z"}
{"level":"error","message":"✘ Could not produce symbols: document file:///c%3A/Users/lucia/Desktop/UTN/pdp/pdp-practica-wollok/counter-strike-3.wlk not found","timestamp":"2026-08-29T14:56:00.735Z"}
{"level":"error","message":"✘ Failed to rebuild document Failed to parse counter-strike-3.wlk: \n-- PARSING FAILED --------------------------------------------------\n\n  162 |             armas.add(arma)\n  163 |             console.println(nombre + \" compró \" + arma + \" por $\" + precio)\n> 164 |         } else {\n      |         ^\n  165 |             console.println(nombre + \" no tiene suficiente dinero para \" + arma)\n  166 |         }\n\nExpected one of the following: \n\n'@', 'class', 'const', 'describe', 'mixin', 'object', 'only', 'package', 'program', 'test', 'var', '{', EOF, comment, not \"} \", whitespace\n","stack":"Error: Failed to parse counter-strike-3.wlk: \n-- PARSING FAILED --------------------------------------------------\n\n  162 |             armas.add(arma)\n  163 |             console.println(nombre + \" compró \" + arma + \" por $\" + precio)\n> 164 |         } else {\n      |         ^\n  165 |             console.println(nombre + \" no tiene suficiente dinero para \" + arma)\n  166 |         }\n\nExpected one of the following: \n\n'@', 'class', 'const', 'describe', 'mixin', 'object', 'only', 'package', 'program', 'test', 'var', '{', EOF, comment, not \"} \", whitespace\n\n    at c:\\Users\\lucia\\.vscode\\extensions\\uqbar.wollok-lsp-ide-0.5.5\\out\\server\\src\\server.js:2385:13026\n    at Array.map (<anonymous>)\n    at z1n (c:\\Users\\lucia\\.vscode\\extensions\\uqbar.wollok-lsp-ide-0.5.5\\out\\server\\src\\server.js:2385:12950)\n    at H2.buildEnvironmentFrom (c:\\Users\\lucia\\.vscode\\extensions\\uqbar.wollok-lsp-ide-0.5.5\\out\\server\\src\\server.js:2430:5254)\n    at H2.updateEnvironmentWith (c:\\Users\\lucia\\.vscode\\extensions\\uqbar.wollok-lsp-ide-0.5.5\\out\\server\\src\\server.js:2430:4989)\n    at QF (c:\\Users\\lucia\\.vscode\\extensions\\uqbar.wollok-lsp-ide-0.5.5\\out\\server\\src\\server.js:2430:7383)\n    at V3.invoke (c:\\Users\\lucia\\.vscode\\extensions\\uqbar.wollok-lsp-ide-0.5.5\\out\\server\\src\\server.js:3:157330)\n    at o.fire (c:\\Users\\lucia\\.vscode\\extensions\\uqbar.wollok-lsp-ide-0.5.5\\out\\server\\src\\server.js:3:158100)\n    at c:\\Users\\lucia\\.vscode\\extensions\\uqbar.wollok-lsp-ide-0.5.5\\out\\server\\src\\server.js:37:57871\n    at nd (c:\\Users\\lucia\\.vscode\\extensions\\uqbar.wollok-lsp-ide-0.5.5\\out\\server\\src\\server.js:8:1561)","timestamp":"2026-08-29T14:56:00.878Z"}
{"level":"error","message":"✘ Could not produce symbols: document file:///c%3A/Users/lucia/Desktop/UTN/pdp/pdp-practica-wollok/counter-strike-3.wlk not found","timestamp":"2026-08-29T14:56:01.171Z"}
{"level":"error","message":"✘ Could not produce symbols: document file:///c%3A/Users/lucia/Desktop/UTN/pdp/pdp-practica-wollok/counter-strike-3.wlk not found","timestamp":"2026-08-29T14:56:01.176Z"}
{"level":"error","message":"✘ Failed to rebuild document Failed to parse counter-strike-3.wlk: \n-- PARSING FAILED --------------------------------------------------\n\n  162 |             armas.add(arma)\n  163 |             console.println(nombre + \" compró \" + arma + \" por $\" + precio)\n> 164 |         } else {\n      |         ^\n  165 |             console.println(nombre + \" no tiene suficiente dinero para \" + arma)\n  166 |         }\n\nExpected one of the following: \n\n'@', 'class', 'const', 'describe', 'mixin', 'object', 'only', 'package', 'program', 'test', 'var', '{', EOF, comment, not \"} \", whitespace\n","stack":"Error: Failed to parse counter-strike-3.wlk: \n-- PARSING FAILED --------------------------------------------------\n\n  162 |             armas.add(arma)\n  163 |             console.println(nombre + \" compró \" + arma + \" por $\" + precio)\n> 164 |         } else {\n      |         ^\n  165 |             console.println(nombre + \" no tiene suficiente dinero para \" + arma)\n  166 |         }\n\nExpected one of the following: \n\n'@', 'class', 'const', 'describe', 'mixin', 'object', 'only', 'package', 'program', 'test', 'var', '{', EOF, comment, not \"} \", whitespace\n\n    at c:\\Users\\lucia\\.vscode\\extensions\\uqbar.wollok-lsp-ide-0.5.5\\out\\server\\src\\server.js:2385:13026\n    at Array.map (<anonymous>)\n    at z1n (c:\\Users\\lucia\\.vscode\\extensions\\uqbar.wollok-lsp-ide-0.5.5\\out\\server\\src\\server.js:2385:12950)\n    at H2.buildEnvironmentFrom (c:\\Users\\lucia\\.vscode\\extensions\\uqbar.wollok-lsp-ide-0.5.5\\out\\server\\src\\server.js:2430:5254)\n    at H2.updateEnvironmentWith (c:\\Users\\lucia\\.vscode\\extensions\\uqbar.wollok-lsp-ide-0.5.5\\out\\server\\src\\server.js:2430:4989)\n    at QF (c:\\Users\\lucia\\.vscode\\extensions\\uqbar.wollok-lsp-ide-0.5.5\\out\\server\\src\\server.js:2430:7383)\n    at V3.invoke (c:\\Users\\lucia\\.vscode\\extensions\\uqbar.wollok-lsp-ide-0.5.5\\out\\server\\src\\server.js:3:157330)\n    at o.fire (c:\\Users\\lucia\\.vscode\\extensions\\uqbar.wollok-lsp-ide-0.5.5\\out\\server\\src\\server.js:3:158100)\n    at c:\\Users\\lucia\\.vscode\\extensions\\uqbar.wollok-lsp-ide-0.5.5\\out\\server\\src\\server.js:37:57871\n    at nd (c:\\Users\\lucia\\.vscode\\extensions\\uqbar.wollok-lsp-ide-0.5.5\\out\\server\\src\\server.js:8:1561)","timestamp":"2026-08-29T14:56:03.269Z"}
{"level":"error","message":"✘ Could not produce symbols: document file:///c%3A/Users/lucia/Desktop/UTN/pdp/pdp-practica-wollok/counter-strike-3.wlk not found","timestamp":"2026-08-29T14:56:03.530Z"}
{"level":"error","message":"✘ Could not produce symbols: document file:///c%3A/Users/lucia/Desktop/UTN/pdp/pdp-practica-wollok/counter-strike-3.wlk not found","timestamp":"2026-08-29T14:56:03.533Z"}
{"level":"error","message":"✘ Failed to rebuild document Failed to parse counter-strike-3.wlk: \n-- PARSING FAILED --------------------------------------------------\n\n  162 |             armas.add(arma)\n  163 |             console.println(nombre + \" compró \" + arma + \" por $\" + precio)\n> 164 |         } else {\n      |         ^\n  165 |             console.println(nombre + \" no tiene suficiente dinero para \" + arma)\n  166 |         }\n\nExpected one of the following: \n\n'@', 'class', 'const', 'describe', 'mixin', 'object', 'only', 'package', 'program', 'test', 'var', '{', EOF, comment, not \"} \", whitespace\n","stack":"Error: Failed to parse counter-strike-3.wlk: \n-- PARSING FAILED --------------------------------------------------\n\n  162 |             armas.add(arma)\n  163 |             console.println(nombre + \" compró \" + arma + \" por $\" + precio)\n> 164 |         } else {\n      |         ^\n  165 |             console.println(nombre + \" no tiene suficiente dinero para \" + arma)\n  166 |         }\n\nExpected one of the following: \n\n'@', 'class', 'const', 'describe', 'mixin', 'object', 'only', 'package', 'program', 'test', 'var', '{', EOF, comment, not \"} \", whitespace\n\n    at c:\\Users\\lucia\\.vscode\\extensions\\uqbar.wollok-lsp-ide-0.5.5\\out\\server\\src\\server.js:2385:13026\n    at Array.map (<anonymous>)\n    at z1n (c:\\Users\\lucia\\.vscode\\extensions\\uqbar.wollok-lsp-ide-0.5.5\\out\\server\\src\\server.js:2385:12950)\n    at H2.buildEnvironmentFrom (c:\\Users\\lucia\\.vscode\\extensions\\uqbar.wollok-lsp-ide-0.5.5\\out\\server\\src\\server.js:2430:5254)\n    at H2.updateEnvironmentWith (c:\\Users\\lucia\\.vscode\\extensions\\uqbar.wollok-lsp-ide-0.5.5\\out\\server\\src\\server.js:2430:4989)\n    at QF (c:\\Users\\lucia\\.vscode\\extensions\\uqbar.wollok-lsp-ide-0.5.5\\out\\server\\src\\server.js:2430:7383)\n    at V3.invoke (c:\\Users\\lucia\\.vscode\\extensions\\uqbar.wollok-lsp-ide-0.5.5\\out\\server\\src\\server.js:3:157330)\n    at o.fire (c:\\Users\\lucia\\.vscode\\extensions\\uqbar.wollok-lsp-ide-0.5.5\\out\\server\\src\\server.js:3:158100)\n    at c:\\Users\\lucia\\.vscode\\extensions\\uqbar.wollok-lsp-ide-0.5.5\\out\\server\\src\\server.js:37:57871\n    at nd (c:\\Users\\lucia\\.vscode\\extensions\\uqbar.wollok-lsp-ide-0.5.5\\out\\server\\src\\server.js:8:1561)","timestamp":"2026-08-29T14:56:06.125Z"}
{"level":"error","message":"✘ Could not produce symbols: document file:///c%3A/Users/lucia/Desktop/UTN/pdp/pdp-practica-wollok/counter-strike-3.wlk not found","timestamp":"2026-08-29T14:56:06.385Z"}
{"level":"error","message":"✘ Could not produce symbols: document file:///c%3A/Users/lucia/Desktop/UTN/pdp/pdp-practica-wollok/counter-strike-3.wlk not found","timestamp":"2026-08-29T14:56:06.387Z"}
